Call  Failure,Complains,Subscription  Length,Charge  Amount,Seconds of Use,Frequency of use,Frequency of SMS,Distinct Called Numbers,Age Group,Plan,Status,Age,Customer Value,Churn
8,No,38,0,4370,71,5,17,3,Month,Active,30,197.64,No
0,No,39,0,318,5,7,4,2,Month,Not_Active,25,46.035,No
10,No,37,0,2453,60,359,24,3,Month,Active,30,1536.52,No
10,No,38,0,4198,66,1,35,1,Month,Active,15,240.02,No
3,No,38,0,2393,58,2,33,1,Month,Active,15,145.805,No
11,No,38,1,3775,82,32,28,3,Month,Active,30,282.28,No
4,No,38,0,2360,39,285,18,3,Month,Active,30,1235.96,No
13,No,37,2,9115,121,144,43,3,Month,Active,30,945.44,No
7,No,38,0,13773,169,0,44,3,Month,Active,30,557.68,No
7,No,38,1,4515,83,2,25,3,Month,Active,30,191.92,No
6,No,38,0,5918,95,7,12,3,Month,Active,30,268.52,No
9,No,38,0,2238,54,8,17,3,Month,Not_Active,30,123.68,No
25,No,38,3,15140,225,54,32,3,Month,Active,30,830.6,No
4,No,38,1,3095,27,483,8,3,Month,Active,30,2056.88,No
9,No,37,0,15485,182,150,30,2,Month,Active,25,1380.015,No
3,No,37,1,6500,86,186,26,3,Month,Active,30,1007.44,No
0,No,37,0,875,14,0,11,2,Month,Not_Active,25,40.005,Yes
2,No,38,0,710,14,13,8,3,Month,Not_Active,30,80.96,No
0,No,37,0,0,0,0,0,2,Month,Not_Active,25,0,Yes
3,No,37,0,7508,127,384,43,2,Month,Active,25,2071.575,No
7,No,37,1,11465,154,11,47,4,Month,Active,45,317.975,No
8,No,37,1,6718,75,108,37,2,Month,Active,25,791.685,No
23,Yes,33,0,955,47,16,17,2,Month,Not_Active,25,117.09,Yes
21,Yes,36,8,10435,93,1,42,5,Contract,Active,55,159.42,No
13,Yes,36,1,5818,98,26,24,2,Month,Active,25,383.22,Yes
1,No,34,0,2840,22,0,14,3,Month,Active,30,114.48,No
9,No,35,0,2990,41,9,16,3,Month,Not_Active,30,157.24,Yes
9,Yes,36,0,2268,44,34,31,3,Month,Not_Active,30,228.48,Yes
0,No,36,0,133,2,0,2,3,Month,Not_Active,30,5.4,Yes
1,No,36,0,1668,25,0,6,3,Month,Active,30,67.72,No
3,No,33,1,6785,97,14,22,5,Month,Active,55,124.23,No
0,Yes,36,0,628,7,9,4,4,Month,Not_Active,45,38.375,Yes
0,No,36,1,338,4,4,2,5,Month,Active,55,11.13,No
25,No,31,3,16075,238,0,80,2,Contract,Active,25,734.085,No
6,No,34,3,6965,116,271,33,2,Contract,Active,25,1538.145,No
2,No,36,0,3718,82,2,28,2,Month,Active,25,180,No
3,No,35,0,1665,44,38,20,3,Month,Not_Active,30,220.36,No
6,No,36,0,2780,53,175,23,2,Month,Active,25,914.985,No
4,No,27,1,1315,36,193,11,2,Contract,Active,25,929.295,No
4,No,26,0,1568,39,30,68,4,Month,Active,45,115.175,No
11,No,27,0,700,25,10,7,2,Month,Not_Active,25,77.625,No
0,No,26,0,825,10,21,3,4,Month,Not_Active,45,73.375,Yes
10,No,25,0,1225,32,19,13,2,Month,Active,25,142.065,No
2,No,25,0,3225,61,8,23,3,Month,Active,30,163.44,No
2,No,18,0,1695,26,28,14,2,Month,Active,25,203.445,No
16,No,17,1,6393,141,85,42,2,Contract,Active,25,676.53,No
12,No,15,0,8933,171,73,40,4,Month,Active,45,410.1,No
8,No,16,3,2853,45,31,19,3,Contract,Active,30,239.92,No
2,No,9,1,4390,40,215,10,3,Month,Active,30,1037.2,No
3,No,9,1,1488,19,0,7,3,Month,Active,30,60.28,Yes
11,No,40,1,4430,74,10,19,3,Month,Active,30,220.16,No
3,No,41,1,378,8,12,6,3,Month,Active,30,63.44,No
13,No,39,1,2513,63,364,26,3,Month,Active,30,1559.04,No
13,No,40,1,4258,69,6,37,1,Month,Active,15,270.985,No
6,No,40,1,2453,61,7,35,2,Month,Active,25,144.63,No
14,No,40,2,3835,85,37,30,3,Contract,Active,30,304.8,No
7,No,40,1,2420,42,290,20,3,Month,Active,30,1258.48,No
16,No,39,3,9175,124,149,45,3,Month,Active,30,967.96,No
10,No,40,1,13833,172,5,46,3,Month,Active,30,580.2,No
10,No,40,2,4575,86,7,27,3,Month,Active,30,214.44,No
9,No,40,1,5978,98,12,14,3,Month,Active,30,291.04,No
12,No,40,1,2298,57,13,19,3,Month,Active,30,146.2,No
28,No,40,4,15200,228,59,34,3,Month,Active,30,853.12,No
7,No,40,2,3155,30,488,10,3,Month,Active,30,2079.4,No
12,No,39,1,15545,185,155,32,2,Month,Active,25,1405.35,No
6,No,39,2,6560,89,191,28,3,Month,Active,30,1029.96,No
3,No,39,1,935,17,5,13,2,Month,Active,25,65.34,No
5,No,40,1,770,17,18,10,3,Month,Active,30,103.48,No
3,Yes,39,1,60,3,5,2,2,Month,Active,25,25.335,Yes
6,No,39,1,7568,130,389,45,3,Month,Active,30,1863.92,No
10,No,39,2,11525,157,16,49,4,Contract,Active,45,332.05,No
11,No,39,2,6778,78,113,39,2,Month,Active,25,817.02,No
26,Yes,35,1,1015,50,21,19,3,Month,Active,30,126.6,Yes
24,Yes,38,9,10495,96,6,44,5,Contract,Active,55,167.865,No
16,No,38,2,5878,101,31,26,2,Month,Active,25,408.555,No
4,No,36,1,2900,25,5,16,3,Month,Active,30,137,No
12,No,37,1,3050,44,14,18,3,Month,Active,30,179.76,Yes
12,Yes,38,1,2328,47,39,33,3,Month,Active,30,251,Yes
3,No,38,1,193,5,5,4,3,Month,Active,30,27.92,Yes
4,No,38,1,1728,28,5,8,4,Month,Active,45,56.4,No
6,No,35,2,6845,100,19,24,5,Month,Active,55,132.675,No
3,No,38,1,688,10,14,6,4,Month,Active,45,52.45,Yes
3,No,38,2,398,7,9,4,5,Month,Active,55,19.575,No
28,No,33,4,16135,241,5,82,2,Month,Active,25,759.42,No
9,Yes,36,4,7025,119,276,35,3,Contract,Active,30,1389.76,No
5,No,38,1,3778,85,7,30,3,Month,Active,30,182.52,No
6,No,37,1,1725,47,43,22,3,Month,Active,30,242.88,No
9,No,38,1,2840,56,180,25,2,Month,Active,25,940.32,No
7,No,29,2,1375,39,198,13,3,Contract,Active,30,848.56,No
7,No,28,1,1628,42,35,70,4,Month,Active,45,129.25,No
14,No,29,1,760,28,15,9,3,Month,Active,30,91.52,No
3,No,28,1,885,13,26,5,4,Month,Active,45,87.45,No
13,No,27,1,1285,35,24,15,2,Month,Active,25,167.4,No
5,No,27,1,3285,64,13,25,3,Month,Active,30,185.96,No
5,No,20,1,1755,29,33,16,2,Month,Active,25,228.78,No
19,No,19,2,6453,144,90,44,2,Contract,Active,25,701.865,No
15,No,17,1,8993,174,78,42,5,Month,Active,55,254.505,No
11,No,18,4,2913,48,36,21,3,Month,Active,30,262.44,No
5,No,11,2,4450,43,220,12,3,Month,Active,30,1059.72,No
6,Yes,11,2,1548,22,5,9,3,Month,Active,30,82.8,Yes
5,No,36,0,4310,68,0,15,2,Month,Active,25,197.01,No
0,No,37,0,258,2,2,2,2,Month,Not_Active,25,20.7,No
7,No,35,0,2393,57,354,22,2,Month,Active,25,1703.25,No
7,No,36,0,4138,63,0,33,1,Month,Active,15,231.055,No
0,No,36,0,2333,55,0,31,1,Month,Active,15,131.34,No
8,No,36,0,3715,79,27,26,3,Month,Active,30,259.76,No
1,No,36,0,2300,36,280,16,3,Month,Active,30,1213.44,No
10,No,35,1,9055,118,139,41,3,Month,Active,30,922.92,No
4,No,36,0,13713,166,0,42,3,Month,Active,30,555.16,No
4,No,36,0,4455,80,0,23,3,Month,Active,30,181.4,No
3,No,36,0,5858,92,2,10,2,Month,Active,25,276.75,No
6,Yes,36,0,2178,51,3,15,3,Month,Not_Active,30,101.16,No
22,No,36,2,15080,222,49,30,3,Month,Active,30,808.08,No
1,No,36,0,3035,24,478,6,3,Month,Active,30,2034.36,No
6,No,35,0,15425,179,145,28,2,Month,Active,25,1354.68,No
0,No,35,0,6440,83,181,24,3,Month,Active,30,984.92,No
0,No,35,0,815,11,0,9,2,Month,Not_Active,25,37.17,No
0,No,36,0,650,11,8,6,2,Month,Not_Active,25,65.745,No
0,No,35,0,0,0,0,0,2,Month,Not_Active,25,0,Yes
0,No,35,0,7448,124,379,41,2,Month,Active,25,2046.24,No
4,No,35,0,11405,151,6,45,3,Month,Active,30,486.24,No
5,No,35,0,6658,72,103,35,2,Month,Active,25,766.35,No
20,No,31,0,895,44,11,15,2,Month,Not_Active,25,91.755,Yes
18,No,34,7,10375,90,0,40,4,Month,Active,45,261.625,No
10,No,34,0,5758,95,21,22,2,Month,Active,25,357.885,Yes
0,No,32,0,2780,19,0,12,3,Month,Active,30,111.96,No
6,No,33,0,2930,38,4,14,2,Month,Not_Active,25,151.56,Yes
6,Yes,34,0,2208,41,29,29,3,Month,Not_Active,30,205.96,Yes
0,Yes,34,0,0,0,0,0,3,Month,Not_Active,30,0,Yes
0,No,34,0,1608,22,0,4,3,Month,Active,30,65.2,No
0,No,31,0,6725,94,9,20,4,Month,Active,45,192.975,No
0,No,34,0,568,4,4,2,4,Month,Not_Active,45,24.3,Yes
0,No,34,0,0,0,0,0,5,Month,Active,55,0,No
22,No,29,2,16015,235,0,78,2,Month,Active,25,731.25,No
3,No,32,2,6905,113,266,31,2,Contract,Active,25,1512.81,No
0,No,34,0,3658,79,0,26,2,Month,Active,25,168.165,No
0,No,33,0,1605,41,33,18,3,Month,Not_Active,30,197.84,No
3,No,34,0,2720,50,170,21,2,Month,Active,25,889.65,No
1,No,25,0,1255,33,188,9,2,Contract,Active,25,903.96,No
1,No,24,0,1508,36,25,66,4,Month,Active,45,101.1,No
8,No,25,0,640,22,5,5,2,Month,Not_Active,25,52.29,No
0,Yes,24,0,765,7,16,1,4,Month,Not_Active,45,59.3,Yes
7,No,23,0,1165,29,14,11,2,Month,Active,25,116.73,No
0,No,23,0,3165,58,3,21,3,Month,Active,30,140.92,No
0,No,16,0,1635,23,23,12,2,Month,Active,25,178.11,No
13,No,15,0,6333,138,80,40,1,Contract,Active,15,795.905,No
9,No,13,0,8873,168,68,38,4,Month,Active,45,396.025,No
5,No,14,2,2793,42,26,17,3,Month,Active,30,217.4,No
0,No,7,0,4330,37,210,8,3,Month,Active,30,1014.68,No
0,No,7,0,1428,16,0,5,3,Month,Active,30,57.76,Yes
9,No,42,1,4450,73,15,21,3,Month,Active,30,240.92,No
1,Yes,43,0,398,7,17,8,3,Month,Not_Active,30,84.2,Yes
11,No,41,1,2533,62,369,28,3,Month,Active,30,1579.8,No
11,No,42,1,4278,68,11,39,1,Month,Active,15,299.53,No
4,No,42,1,2473,60,12,37,2,Month,Active,25,167.985,No
12,No,42,2,3855,84,42,32,3,Month,Active,30,325.56,No
5,No,42,1,2440,41,295,22,3,Month,Active,30,1279.24,No
14,No,41,3,9195,123,154,47,3,Month,Active,30,988.72,No
8,No,42,1,13853,171,10,48,3,Month,Active,30,600.96,No
8,No,42,2,4595,85,12,29,3,Month,Active,30,235.2,No
7,No,42,1,5998,97,17,16,3,Month,Active,30,311.8,No
10,No,42,0,2318,56,18,21,3,Month,Not_Active,30,166.96,No
26,No,42,4,15220,227,64,36,3,Contract,Active,30,873.88,No
5,No,42,2,3175,29,493,12,3,Month,Active,30,2100.16,No
10,No,41,1,15565,184,160,34,2,Month,Active,25,1428.705,No
4,No,41,2,6580,88,196,30,3,Month,Active,30,1050.72,No
1,No,41,0,955,16,10,15,2,Month,Not_Active,25,88.695,No
3,No,42,0,790,16,23,12,3,Month,Not_Active,30,124.24,No
1,No,41,0,80,2,10,4,2,Month,Not_Active,25,48.69,Yes
4,No,41,1,7588,129,394,47,3,Month,Active,30,1884.68,No
8,No,41,2,11545,156,21,51,4,Month,Active,45,345.025,No
9,No,41,2,6798,77,118,41,2,Month,Active,25,840.375,No
24,Yes,37,0,1035,49,26,21,3,Month,Not_Active,30,147.36,Yes
22,Yes,40,9,10515,95,11,46,5,Month,Active,55,175.65,No
14,No,40,2,5898,100,36,28,2,Month,Active,25,431.91,Yes
2,No,38,1,2920,24,10,18,3,Month,Active,30,157.76,No
10,No,39,0,3070,43,19,20,3,Month,Not_Active,30,200.52,Yes
10,Yes,40,0,2348,46,44,35,3,Month,Not_Active,30,271.76,Yes
1,No,40,0,213,4,10,6,3,Month,Not_Active,30,48.68,Yes
2,No,40,1,1748,27,10,10,4,Month,Active,45,69.375,No
4,No,37,2,6865,99,24,26,5,Month,Active,55,140.46,No
1,Yes,40,0,708,9,19,8,4,Month,Not_Active,45,65.425,Yes
1,No,40,2,418,6,14,6,5,Month,Active,55,27.36,No
26,No,35,4,16155,240,10,84,2,Month,Active,25,782.775,No
7,Yes,38,4,7045,118,281,37,2,Contract,Active,25,1586.835,No
3,No,40,1,3798,84,12,32,3,Month,Active,30,203.28,No
4,No,39,0,1745,46,48,24,3,Month,Not_Active,30,263.64,No
7,No,40,1,2860,55,185,27,2,Month,Active,25,963.675,No
5,No,31,2,1395,38,203,15,2,Contract,Active,25,977.985,No
5,No,30,1,1648,41,40,72,4,Month,Active,45,142.225,No
12,No,31,0,780,27,20,11,3,Month,Not_Active,30,112.28,No
1,No,30,0,905,12,31,7,4,Month,Not_Active,45,100.425,No
11,No,29,1,1305,34,29,17,2,Month,Active,25,190.755,No
3,No,29,1,3305,63,18,27,3,Month,Active,30,206.72,No
3,No,22,1,1775,28,38,18,2,Month,Active,25,252.135,No
17,No,21,2,6473,143,95,46,2,Contract,Active,25,725.22,No
13,No,19,1,9013,173,83,44,5,Month,Active,55,262.29,No
9,No,20,4,2933,47,41,23,3,Month,Active,30,283.2,No
3,No,13,2,4470,42,225,14,3,Month,Active,30,1080.48,No
4,No,13,2,1568,21,10,11,3,Month,Active,30,103.56,Yes
7,No,34,0,4290,69,0,13,2,Month,Active,25,196.155,No
0,No,35,0,0,0,0,0,2,Month,Not_Active,25,0,No
9,No,33,0,2373,58,349,20,2,Month,Active,25,1679.895,No
9,No,34,0,4118,64,0,31,1,Month,Active,15,230.01,No
2,No,34,0,2313,56,0,29,1,Month,Active,15,130.295,No
10,No,34,0,3695,80,22,24,3,Month,Active,30,239,No
3,No,34,0,2280,37,275,14,3,Month,Active,30,1192.68,No
12,No,33,1,9035,119,134,39,3,Month,Active,30,902.16,No
6,No,34,0,13693,167,0,40,3,Month,Active,30,554.4,No
6,No,34,0,4435,81,0,21,3,Month,Active,30,180.64,No
5,No,34,0,5838,93,0,8,2,Month,Active,25,266.895,No
8,No,34,0,2158,52,0,13,3,Month,Not_Active,30,88.4,No
24,No,34,2,15060,223,44,28,3,Month,Active,30,787.32,No
3,No,34,0,3015,25,473,4,3,Month,Active,30,2013.6,No
8,No,33,0,15405,180,140,26,2,Month,Active,25,1331.325,No
2,No,33,0,6420,84,176,22,3,Month,Active,30,964.16,No
0,No,33,0,795,12,0,7,2,Month,Not_Active,25,36.315,No
1,No,34,0,630,12,3,4,2,Month,Not_Active,25,42.39,No
0,No,33,0,0,0,0,0,2,Month,Not_Active,25,0,Yes
2,No,33,0,7428,125,374,39,2,Month,Active,25,2022.885,No
6,No,33,0,11385,152,1,43,3,Month,Active,30,465.48,No
7,No,33,0,6638,73,98,33,2,Month,Active,25,742.995,No
22,No,29,0,875,45,6,13,2,Month,Not_Active,25,68.4,Yes
20,No,32,7,10355,91,0,38,4,Month,Active,45,261.15,No
12,Yes,32,0,5738,96,16,20,2,Month,Active,25,334.53,Yes
0,No,30,0,2760,20,0,10,3,Month,Active,30,111.2,No
8,Yes,31,0,2910,39,0,12,3,Month,Not_Active,30,117.96,Yes
8,No,32,0,2188,42,24,27,3,Month,Not_Active,30,185.2,Yes
0,Yes,32,0,0,0,0,0,3,Month,Not_Active,30,0,Yes
0,No,32,0,1588,23,0,2,3,Month,Active,30,64.44,No
2,No,29,0,6705,95,4,18,4,Month,Active,45,180,No
0,No,32,0,0,0,0,0,4,Month,Not_Active,45,0,Yes
0,No,32,0,0,0,0,0,5,Month,Active,55,0,No
24,No,27,2,15995,236,0,76,2,Month,Active,25,730.395,No
5,No,30,2,6885,114,261,29,2,Contract,Active,25,1489.455,No
1,No,32,0,3638,80,0,24,2,Month,Active,25,167.31,No
2,No,31,0,1585,42,28,16,3,Month,Not_Active,30,177.08,No
5,No,32,0,2700,51,165,19,2,Month,Active,25,866.295,No
3,No,23,0,1235,34,183,7,2,Contract,Active,25,880.605,No
3,No,22,0,1488,37,20,64,4,Month,Active,45,88.125,No
10,No,23,0,620,23,0,3,2,Month,Not_Active,25,28.935,No
0,No,22,0,0,0,11,0,4,Month,Not_Active,45,27.5,No
9,No,21,0,1145,30,9,9,2,Month,Active,25,93.375,No
1,No,21,0,3145,59,0,19,3,Month,Active,30,128.16,No
1,No,14,0,1615,24,18,10,2,Month,Active,25,154.755,No
15,No,13,0,6313,139,75,38,1,Contract,Active,15,767.36,No
11,No,11,0,8853,169,63,36,4,Month,Active,45,383.05,No
7,No,12,2,2773,43,21,15,3,Month,Active,30,196.64,No
1,No,5,0,4310,38,205,6,3,Month,Active,30,993.92,No
2,No,5,0,1408,17,0,3,3,Month,Active,30,57,Yes
13,No,44,1,4630,81,20,23,3,Month,Active,30,268.44,No
5,No,45,0,578,15,22,10,3,Month,Not_Active,30,111.72,No
15,No,43,1,2713,70,374,30,3,Month,Active,30,1607.32,No
15,No,44,1,4458,76,16,41,1,Month,Active,15,337.37,No
8,No,44,1,2653,68,17,39,2,Month,Active,25,198.945,No
16,No,44,2,4035,92,47,34,3,Month,Active,30,353.08,No
9,No,44,1,2620,49,300,24,3,Month,Active,30,1306.76,No
18,No,43,3,9375,131,159,49,3,Month,Active,30,1016.24,No
12,No,44,1,14033,179,15,50,3,Month,Active,30,628.48,No
12,No,44,2,4775,93,17,31,3,Month,Active,30,262.72,No
11,No,44,1,6178,105,22,18,3,Month,Active,30,339.32,No
14,Yes,44,0,2498,64,23,23,3,Month,Not_Active,30,194.48,No
30,No,44,4,15400,235,69,38,3,Month,Active,30,901.4,No
9,No,44,2,3355,37,498,14,3,Month,Active,30,2127.68,No
14,No,43,1,15745,192,165,36,2,Month,Active,25,1459.665,No
8,No,43,2,6760,96,201,32,3,Month,Active,30,1078.24,No
5,No,43,0,1135,24,15,17,2,Month,Not_Active,25,119.655,No
7,No,44,0,970,24,28,14,3,Month,Not_Active,30,151.76,No
5,No,43,0,260,10,15,6,2,Month,Not_Active,25,79.65,Yes
8,No,43,1,7768,137,399,49,3,Month,Active,30,1912.2,No
12,No,43,2,11725,164,26,53,4,Month,Active,45,362.225,No
13,No,43,2,6978,85,123,43,2,Month,Active,25,871.335,No
28,Yes,39,0,1215,57,31,23,3,Month,Not_Active,30,174.88,Yes
26,No,42,9,10695,103,16,48,5,Contract,Active,55,185.97,No
18,No,42,2,6078,108,41,30,2,Month,Active,25,462.87,No
6,No,40,1,3100,32,15,20,3,Month,Active,30,185.28,No
14,Yes,41,0,3250,51,24,22,3,Month,Not_Active,30,228.04,Yes
14,Yes,42,0,2528,54,49,37,4,Month,Not_Active,45,187.05,Yes
5,No,42,0,393,12,15,8,3,Month,Not_Active,30,76.2,Yes
6,No,42,1,1928,35,15,12,4,Month,Active,45,86.575,No
8,No,39,2,7045,107,29,28,5,Month,Active,55,150.78,No
5,No,42,0,888,17,24,10,4,Month,Not_Active,45,82.625,Yes
5,No,42,2,598,14,19,8,5,Month,Active,55,37.68,No
30,Yes,37,4,16335,248,15,86,2,Month,Active,25,813.735,No
11,Yes,40,4,7225,126,286,39,3,Contract,Active,30,1438.04,No
7,No,42,1,3978,92,17,34,3,Month,Active,30,230.8,No
8,No,41,0,1925,54,53,26,3,Month,Not_Active,30,291.16,No
11,No,42,1,3040,63,190,29,2,Month,Active,25,994.635,No
9,No,33,2,1575,46,208,17,3,Contract,Active,30,896.84,No
9,No,32,1,1828,49,45,74,5,Month,Active,55,95.655,No
16,No,33,0,960,35,25,13,3,Month,Not_Active,30,139.8,No
5,No,32,0,1085,20,36,9,4,Month,Not_Active,45,117.625,No
15,No,31,1,1485,42,34,19,2,Month,Active,25,221.715,No
7,No,31,1,3485,71,23,29,3,Month,Active,30,234.24,No
7,No,24,1,1955,36,43,20,3,Month,Active,30,251.64,No
21,No,23,2,6653,151,100,48,2,Contract,Active,25,756.18,No
17,No,21,1,9193,181,88,46,5,Month,Active,55,272.61,No
13,No,22,4,3113,55,46,25,3,Month,Active,30,310.72,No
7,No,15,2,4650,50,230,16,3,Month,Active,30,1108,No
8,Yes,15,2,1748,29,15,13,3,Month,Active,30,131.08,Yes
3,No,32,0,4110,61,0,11,2,Month,Active,25,187.695,No
0,No,33,0,0,0,0,0,2,Month,Not_Active,25,0,No
5,No,31,0,2193,50,344,18,2,Month,Active,25,1648.935,No
5,No,32,0,3938,56,0,29,1,Month,Active,15,219.67,No
0,No,32,0,2133,48,0,27,1,Month,Active,15,119.955,No
6,No,32,0,3515,72,17,22,2,Month,Active,25,237.915,No
0,No,32,0,2100,29,270,12,3,Month,Active,30,1165.16,No
8,No,31,1,8855,111,129,37,3,Month,Active,30,874.64,No
2,No,32,0,13513,159,0,38,3,Month,Active,30,546.88,No
2,No,32,0,4255,73,0,19,3,Month,Active,30,173.12,No
1,No,32,0,5658,85,0,6,2,Month,Active,25,258.435,No
4,No,32,0,1978,44,0,11,3,Month,Not_Active,30,80.88,No
20,No,32,2,14880,215,39,26,3,Month,Active,30,759.8,No
0,No,32,0,2835,17,468,2,3,Month,Active,30,1986.08,No
4,No,31,0,15225,172,135,24,2,Month,Active,25,1300.365,No
0,No,31,0,6240,76,171,20,3,Month,Active,30,936.64,No
0,No,31,0,615,4,0,5,2,Month,Not_Active,25,27.855,No
0,No,32,0,450,4,0,2,2,Month,Not_Active,25,20.43,No
0,No,31,0,0,0,0,0,2,Month,Not_Active,25,0,Yes
0,No,31,0,7248,117,369,37,2,Month,Active,25,1991.925,No
2,No,31,0,11205,144,0,41,3,Month,Active,30,453.96,No
3,No,31,0,6458,65,93,31,2,Month,Active,25,712.035,No
18,Yes,27,0,695,37,1,11,2,Month,Not_Active,25,37.44,Yes
16,No,30,7,10175,83,0,36,4,Month,Active,45,256.45,No
8,Yes,30,0,5558,88,11,18,2,Month,Active,25,303.57,Yes
0,No,28,0,2580,12,0,8,3,Month,Active,30,103.68,No
4,No,29,0,2730,31,0,10,2,Month,Not_Active,25,124.245,Yes
4,Yes,30,0,2008,34,19,25,3,Month,Not_Active,30,157.68,Yes
0,No,30,0,0,0,0,0,3,Month,Not_Active,30,0,Yes
0,No,30,0,0,0,0,0,3,Month,Active,30,0,No
0,No,27,0,6525,87,0,16,4,Month,Active,45,165.3,No
0,Yes,30,0,0,0,0,0,4,Month,Not_Active,45,0,Yes
0,Yes,30,0,0,0,0,0,5,Month,Active,55,0,Yes
20,No,25,2,15815,228,0,74,2,Month,Active,25,721.935,No
1,No,28,2,6705,106,256,27,2,Contract,Active,25,1458.495,No
0,No,30,0,3458,72,0,22,2,Month,Active,25,158.85,No
0,No,29,0,1405,34,23,14,3,Month,Not_Active,30,149.56,No
1,No,30,0,2520,43,160,17,2,Month,Active,25,835.335,No
0,No,21,0,1055,26,178,5,2,Contract,Active,25,849.645,No
0,No,20,0,1308,29,15,62,4,Month,Active,45,70.925,No
6,No,21,0,440,15,0,1,2,Month,Not_Active,25,20.475,No
0,No,20,0,0,0,6,0,4,Month,Not_Active,45,15,No
5,No,19,0,965,22,4,7,2,Month,Active,25,62.415,No
0,No,19,0,2965,51,0,17,3,Month,Active,30,120.64,No
0,No,12,0,1435,16,13,8,2,Month,Active,25,123.795,No
11,No,11,0,6133,131,70,36,1,Contract,Active,15,729.52,No
7,No,9,0,8673,161,58,34,4,Month,Active,45,365.85,No
3,No,10,2,2593,35,16,13,3,Month,Active,30,169.12,No
0,No,3,0,4130,30,200,4,3,Month,Active,30,966.4,No
0,Yes,3,0,1228,9,0,1,2,Month,Active,25,55.665,Yes
10,No,41,0,4550,79,16,22,3,Month,Active,30,249.16,No
2,No,42,0,498,13,18,9,2,Month,Not_Active,25,103.995,No
12,No,40,0,2633,68,370,29,3,Month,Active,30,1588.04,No
12,No,41,0,4378,74,12,40,1,Month,Active,15,310.86,No
5,No,41,0,2573,66,13,38,1,Month,Active,15,216.645,No
13,No,41,1,3955,90,43,33,3,Month,Active,30,333.8,No
6,No,41,0,2540,47,296,23,3,Month,Active,30,1287.48,No
15,No,40,2,9295,129,155,48,3,Month,Active,30,996.96,No
9,No,41,0,13953,177,11,49,3,Month,Active,30,609.2,No
9,No,41,1,4695,91,13,30,3,Month,Active,30,243.44,No
8,No,41,0,6098,103,18,17,3,Month,Active,30,320.04,No
11,No,41,0,2418,62,19,22,3,Month,Not_Active,30,175.2,No
27,No,41,3,15320,233,65,37,3,Month,Active,30,882.12,No
6,No,41,1,3275,35,494,13,3,Month,Active,30,2108.4,No
11,No,40,0,15665,190,161,35,2,Month,Active,25,1437.975,No
5,No,40,1,6680,94,197,31,3,Month,Active,30,1058.96,No
2,No,40,0,1055,22,11,16,2,Month,Not_Active,25,97.965,No
4,No,41,0,890,22,24,13,3,Month,Not_Active,30,132.48,No
2,No,40,0,180,8,11,5,2,Month,Not_Active,25,57.96,Yes
5,No,40,0,7688,135,395,48,2,Month,Active,25,2129.535,No
9,No,40,1,11645,162,22,52,4,Month,Active,45,350.175,No
10,No,40,1,6898,83,119,42,2,Month,Active,25,849.645,No
25,Yes,36,0,1135,55,27,22,2,Month,Not_Active,25,175.05,Yes
23,No,39,8,10615,101,12,47,5,Month,Active,55,178.74,No
15,No,39,1,5998,106,37,29,2,Month,Active,25,441.18,No
3,No,37,0,3020,30,11,19,3,Month,Active,30,166,No
11,Yes,38,0,3170,49,20,21,3,Month,Not_Active,30,208.76,Yes
11,Yes,39,0,2448,52,45,36,3,Month,Not_Active,30,280,Yes
2,Yes,39,0,313,10,11,7,3,Month,Not_Active,30,56.92,Yes
3,No,39,0,1848,33,11,11,3,Month,Active,30,119.24,No
5,No,36,1,6965,105,25,27,5,Month,Active,55,143.55,No
2,No,39,0,808,15,20,9,4,Month,Not_Active,45,70.575,Yes
2,No,39,1,518,12,15,7,5,Month,Active,55,30.45,No
27,Yes,34,3,16255,246,11,85,2,Month,Active,25,792.045,No
8,No,37,3,7145,124,282,38,2,Contract,Active,25,1596.105,No
4,No,39,0,3898,90,13,33,2,Month,Active,25,237.96,No
5,No,38,0,1845,52,49,25,3,Month,Not_Active,30,271.88,No
8,No,39,0,2960,61,186,28,2,Month,Active,25,972.945,No
6,Yes,30,1,1495,44,204,16,2,Contract,Active,25,987.255,Yes
6,No,29,0,1748,47,41,73,4,Month,Active,45,147.375,No
13,No,30,0,880,33,21,12,2,Month,Not_Active,25,135.585,No
2,No,29,0,1005,18,32,8,4,Month,Not_Active,45,105.575,No
12,No,28,0,1405,40,30,18,2,Month,Active,25,200.025,No
4,No,28,0,3405,69,19,28,3,Month,Active,30,214.96,No
4,No,21,0,1875,34,39,19,2,Month,Active,25,261.405,No
18,No,20,1,6573,149,96,47,2,Contract,Active,25,734.49,No
14,No,18,0,9113,179,84,45,4,Month,Active,45,442.3,No
10,No,19,3,3033,53,42,24,3,Month,Active,30,291.44,No
4,No,12,1,4570,48,226,15,3,Month,Active,30,1088.72,No
5,No,12,1,1668,27,11,12,3,Month,Active,30,111.8,Yes
6,No,35,0,4190,63,0,12,3,Month,Active,30,170.12,No
0,No,36,0,0,0,0,0,2,Month,Not_Active,25,0,No
8,No,34,0,2273,52,348,19,3,Month,Active,30,1485,No
8,No,35,0,4018,58,0,30,1,Month,Active,15,224.18,No
1,No,35,0,2213,50,0,28,1,Month,Active,15,124.465,No
9,No,35,1,3595,74,21,23,3,Month,Active,30,230.76,No
2,No,35,0,2180,31,274,13,3,Month,Active,30,1184.44,No
11,No,34,2,8935,113,133,38,3,Month,Active,30,893.92,No
5,No,35,0,13593,161,0,39,3,Month,Active,30,550.16,No
5,No,35,1,4335,75,0,20,3,Month,Active,30,176.4,No
4,No,35,0,5738,87,0,7,3,Month,Active,30,233,No
7,No,35,0,2058,46,0,12,3,Month,Not_Active,30,84.16,No
23,No,35,3,14960,217,43,27,3,Month,Active,30,779.08,No
2,No,35,1,2915,19,472,3,3,Month,Active,30,2005.36,No
7,No,34,0,15305,174,139,25,2,Month,Active,25,1322.055,No
1,No,34,1,6320,78,175,21,3,Month,Active,30,955.92,No
0,No,34,0,695,6,0,6,2,Month,Not_Active,25,31.545,No
0,No,35,0,530,6,2,3,3,Month,Not_Active,30,29.44,No
0,Yes,34,0,0,0,0,0,2,Month,Not_Active,25,0,Yes
1,No,34,0,7328,119,373,38,2,Month,Active,25,2013.615,No
5,No,34,1,11285,146,0,42,4,Month,Active,45,285.775,No
6,No,34,1,6538,67,97,32,2,Month,Active,25,733.725,No
21,Yes,30,0,775,39,5,12,2,Month,Not_Active,25,59.13,Yes
19,No,33,8,10255,85,0,37,5,Month,Active,55,155.1,No
11,Yes,33,1,5638,90,15,19,2,Month,Active,25,325.26,Yes
0,No,31,0,2660,14,0,9,3,Month,Active,30,106.96,No
7,No,32,0,2810,33,0,11,3,Month,Not_Active,30,113.72,Yes
7,Yes,33,0,2088,36,23,26,3,Month,Not_Active,30,176.96,Yes
0,No,33,0,0,0,0,0,3,Month,Not_Active,30,0,Yes
0,No,33,0,1488,17,0,1,3,Month,Active,30,60.2,No
1,No,30,1,6605,89,3,17,5,Month,Active,55,104.91,No
0,No,33,0,0,0,0,0,4,Month,Not_Active,45,0,Yes
0,No,33,0,0,0,0,0,5,Month,Active,55,0,No
23,No,28,3,15895,230,0,75,2,Month,Active,25,725.625,No
4,No,31,3,6785,108,260,28,2,Contract,Active,25,1480.185,No
0,No,33,0,3538,74,0,23,2,Month,Active,25,162.54,No
1,No,32,0,1485,36,27,15,3,Month,Not_Active,30,168.84,No
4,No,33,0,2600,45,164,18,2,Month,Active,25,857.025,No
2,No,24,1,1135,28,182,6,2,Contract,Active,25,871.335,No
2,No,23,0,1388,31,19,63,4,Month,Active,45,82.975,No
9,No,24,0,520,17,0,2,2,Month,Not_Active,25,24.165,No
0,No,23,0,0,0,10,0,4,Month,Not_Active,45,25,No
8,No,22,0,1045,24,8,8,2,Month,Active,25,84.105,No
0,No,22,0,3045,53,0,18,3,Month,Active,30,123.92,No
0,No,15,0,1515,18,17,9,2,Month,Active,25,145.485,No
14,No,14,1,6213,133,74,37,2,Contract,Active,25,618.57,No
10,No,12,0,8753,163,62,35,4,Month,Active,45,377.9,No
6,No,13,3,2673,37,20,14,3,Month,Active,30,188.4,No
0,No,6,1,4210,32,204,5,3,Month,Active,30,985.68,No
1,No,6,1,1308,11,0,2,3,Month,Active,30,52.76,Yes
12,No,38,2,4970,81,26,32,3,Month,Active,30,306.04,No
4,No,39,0,918,15,28,19,3,Month,Not_Active,30,149.32,No
14,No,37,2,3053,70,380,39,3,Month,Active,30,1644.92,No
14,No,38,2,4798,76,22,50,1,Month,Active,15,389.07,No
7,No,38,2,2993,68,23,48,2,Month,Active,25,241.245,No
15,No,38,3,4375,92,53,43,3,Month,Active,30,390.68,No
8,No,38,2,2960,49,306,33,3,Month,Active,30,1344.36,No
17,No,37,4,9715,131,165,58,3,Contract,Active,30,1053.84,No
11,No,38,2,14373,179,21,59,3,Month,Active,30,666.08,No
11,No,38,3,5115,93,23,40,3,Month,Active,30,300.32,No
10,No,38,2,6518,105,28,27,3,Month,Active,30,376.92,No
13,No,38,0,2838,64,29,32,3,Month,Not_Active,30,232.08,No
29,No,38,5,15740,235,75,47,3,Month,Active,30,939,No
8,No,38,3,3695,37,504,23,3,Month,Active,30,2165.28,No
13,No,37,2,16085,192,171,45,2,Month,Active,25,1501.965,No
7,No,37,3,7100,96,207,41,3,Month,Active,30,1115.84,No
4,No,37,0,1475,24,21,26,2,Month,Not_Active,25,161.955,No
6,No,38,0,1310,24,34,23,3,Month,Not_Active,30,189.36,No
4,No,37,0,600,10,21,15,2,Month,Not_Active,25,121.95,Yes
7,No,37,2,8108,137,405,58,3,Month,Active,30,1949.8,No
11,No,37,3,12065,164,32,62,4,Month,Active,45,385.725,No
12,No,37,3,7318,85,129,52,2,Month,Active,25,913.635,No
27,Yes,33,0,1555,57,37,32,3,Month,Not_Active,30,212.48,Yes
25,No,36,10,11035,103,22,57,5,Contract,Active,55,200.07,No
17,No,36,3,6418,108,47,39,2,Month,Active,25,505.17,No
5,No,34,2,3440,32,21,29,3,Month,Active,30,222.88,No
13,Yes,35,0,3590,51,30,31,3,Month,Not_Active,30,265.64,Yes
13,Yes,36,0,2868,54,55,46,3,Month,Not_Active,30,336.88,Yes
4,No,36,0,733,12,21,17,3,Month,Not_Active,30,113.8,Yes
5,No,36,2,2268,35,21,21,4,Month,Active,45,110.075,No
7,No,33,3,7385,107,35,37,5,Month,Active,55,164.88,No
4,No,36,0,1228,17,30,19,4,Month,Not_Active,45,106.125,Yes
4,No,36,3,938,14,25,17,5,Month,Active,55,51.78,No
29,No,31,5,16675,248,21,95,2,Month,Active,25,856.035,No
10,No,34,5,7565,126,292,48,2,Contract,Active,25,1660.095,No
6,No,36,2,4318,92,23,43,3,Month,Active,30,268.4,No
7,Yes,35,0,2265,54,59,35,3,Month,Not_Active,30,328.76,Yes
10,No,36,2,3380,63,196,38,2,Month,Active,25,1036.935,No
8,No,27,3,1915,46,214,26,2,Contract,Active,25,1051.245,No
8,No,26,2,2168,49,51,83,4,Month,Active,45,182.925,No
15,No,27,0,1300,35,31,22,3,Month,Not_Active,30,177.4,No
4,No,26,0,1425,20,42,18,4,Month,Not_Active,45,141.125,No
14,No,25,2,1825,42,40,28,2,Month,Active,25,264.015,No
6,No,25,2,3825,71,29,38,3,Month,Active,30,271.84,No
6,No,18,2,2295,36,49,29,2,Month,Active,25,325.395,No
20,No,17,3,6993,151,106,57,2,Contract,Active,25,798.48,No
16,No,15,2,9533,181,94,55,5,Month,Active,55,286.71,No
12,No,16,5,3453,55,52,34,3,Month,Active,30,348.32,No
6,No,9,3,4990,50,236,25,3,Month,Active,30,1145.6,No
7,Yes,9,3,2088,29,21,22,3,Month,Active,30,168.68,Yes
4,No,38,0,3770,61,0,2,2,Month,Active,25,172.395,No
0,No,39,0,0,0,0,0,2,Month,Not_Active,25,0,No
6,No,37,0,1853,50,338,9,2,Month,Active,25,1606.635,No
6,No,38,0,3598,56,0,20,1,Month,Active,15,200.97,No
0,No,38,0,1793,48,0,18,1,Month,Active,15,101.255,No
7,No,38,0,3175,72,11,13,3,Month,Active,30,173.88,No
0,No,38,0,1760,29,264,3,3,Month,Active,30,1127.56,No
9,No,37,0,8515,111,123,28,3,Month,Active,30,837.04,No
3,No,38,0,13173,159,0,29,3,Month,Active,30,533.28,No
3,No,38,0,3915,73,0,10,3,Month,Active,30,159.52,No
2,No,38,0,5318,85,0,15,2,Month,Active,25,243.135,No
5,No,38,0,1638,44,0,2,3,Month,Not_Active,30,67.28,No
21,No,38,1,14540,215,33,17,3,Month,Active,30,722.2,No
0,No,38,0,2495,17,462,7,3,Month,Active,30,1948.48,No
5,No,37,0,14885,172,129,15,2,Month,Active,25,1258.065,No
0,No,37,0,5900,76,165,11,3,Month,Active,30,899.04,No
0,No,37,0,275,4,0,1,2,Month,Not_Active,25,12.555,No
0,No,38,0,110,4,0,1,2,Month,Not_Active,25,5.13,No
0,No,37,0,0,0,0,0,2,Month,Not_Active,25,0,Yes
0,No,37,0,6908,117,363,28,2,Month,Active,25,1949.625,No
3,No,37,0,10865,144,0,32,3,Month,Active,30,440.36,No
4,No,37,0,6118,65,87,22,2,Month,Active,25,669.735,No
19,No,33,0,355,37,0,2,2,Month,Not_Active,25,17.64,Yes
17,No,36,6,9835,83,0,27,4,Month,Active,45,247.95,No
9,Yes,36,0,5218,88,5,9,2,Month,Active,25,261.27,Yes
0,No,34,0,2240,12,0,4,3,Month,Active,30,90.08,No
5,No,35,0,2390,31,0,1,3,Month,Not_Active,30,96.84,Yes
5,No,36,0,1668,34,13,16,3,Month,Not_Active,30,120.08,Yes
0,No,36,0,0,0,0,0,3,Month,Not_Active,30,0,Yes
0,No,36,0,1068,15,0,3,3,Month,Active,30,43.32,No
0,No,33,0,6185,87,0,7,4,Month,Active,45,156.8,No
0,No,36,0,0,0,0,0,4,Month,Not_Active,45,0,Yes
0,No,36,0,0,0,0,0,5,Month,Active,55,0,No
21,No,31,1,15475,228,0,65,2,Month,Active,25,706.635,No
2,No,34,1,6365,106,250,18,2,Contract,Active,25,1416.195,No
0,No,36,0,3118,72,0,13,2,Month,Active,25,143.55,No
0,No,35,0,1065,34,17,5,3,Month,Not_Active,30,111.96,No
2,No,36,0,2180,43,154,8,2,Month,Active,25,793.035,No
0,No,27,0,715,26,172,1,2,Contract,Active,25,807.345,No
0,No,26,0,968,29,9,53,4,Month,Active,45,47.425,No
7,No,27,0,100,15,0,3,2,Month,Not_Active,25,5.175,No
0,No,26,0,0,0,0,0,4,Month,Not_Active,45,0,No
6,No,25,0,625,22,0,2,2,Month,Active,25,29.115,No
0,No,25,0,2625,51,0,8,3,Month,Active,30,107.04,No
0,No,18,0,1095,16,7,6,2,Month,Active,25,81.495,No
12,No,17,0,5793,131,64,27,1,Contract,Active,15,677.82,No
8,No,15,0,8333,161,52,25,4,Month,Active,45,342.35,No
4,No,16,1,2253,35,10,4,3,Month,Active,30,131.52,No
0,No,9,0,3790,30,194,23,3,Month,Active,30,928.8,No
0,Yes,9,0,888,9,0,3,3,Month,Active,30,35.88,Yes
8,No,39,1,4485,77,37,21,3,Month,Active,30,330.48,No
0,No,40,0,433,11,39,8,3,Month,Not_Active,30,173.76,No
10,No,38,1,2568,66,391,28,3,Month,Active,30,1669.36,No
10,No,39,1,4313,72,33,39,1,Month,Active,15,422.675,No
3,No,39,1,2508,64,34,37,2,Month,Active,25,268.74,No
11,No,39,2,3890,88,64,32,3,Month,Active,30,415.12,No
4,No,39,1,2475,45,317,22,4,Month,Active,45,855.5,No
13,No,38,3,9230,127,176,47,3,Month,Active,30,1078.28,No
7,No,39,1,13888,175,32,48,3,Month,Active,30,690.52,No
7,No,39,2,4630,89,34,29,3,Month,Active,30,324.76,No
6,No,39,1,6033,101,39,16,3,Month,Active,30,401.36,No
9,Yes,39,0,2353,60,40,21,3,Month,Not_Active,30,256.52,No
25,No,39,4,15255,231,86,36,3,Month,Active,30,963.44,No
4,No,39,2,3210,33,515,12,4,Month,Active,45,1368.575,No
9,No,38,1,15600,188,182,34,2,Month,Active,25,1529.46,No
3,No,38,2,6615,92,218,30,3,Month,Active,30,1140.28,No
0,No,38,0,990,20,32,15,2,Month,Not_Active,25,189.45,No
2,No,39,0,825,20,45,12,3,Month,Not_Active,30,213.8,No
0,No,38,0,115,6,32,4,2,Month,Not_Active,25,149.445,Yes
3,No,38,1,7623,133,416,47,3,Month,Active,30,1974.24,No
7,No,38,2,11580,160,43,51,4,Month,Active,45,401,No
8,No,38,2,6833,81,140,41,2,Month,Active,25,941.13,No
23,Yes,34,0,1070,53,48,21,3,Month,Not_Active,30,236.92,Yes
21,No,37,9,10550,99,33,46,5,Month,Active,55,209.235,No
13,No,37,2,5933,104,58,28,3,Month,Active,30,473.48,No
1,No,35,1,2955,28,32,18,3,Month,Active,30,247.32,No
9,Yes,36,0,3105,47,41,20,3,Month,Not_Active,30,290.08,Yes
9,No,37,0,2383,50,66,35,4,Month,Not_Active,45,225.825,Yes
0,No,37,0,248,8,32,6,3,Month,Not_Active,30,138.24,Yes
1,No,37,1,1783,31,32,10,4,Month,Active,45,125.35,No
3,No,34,2,6900,103,46,26,5,Month,Active,55,174.045,No
0,No,37,0,743,13,41,8,4,Month,Not_Active,45,121.4,Yes
0,No,37,2,453,10,36,6,5,Month,Active,55,60.945,No
25,No,32,4,16190,244,32,84,2,Contract,Active,25,883.53,No
6,No,35,4,7080,122,303,37,3,Contract,Active,30,1500.08,No
2,No,37,1,3833,88,34,32,3,Month,Active,30,292.84,No
3,No,36,0,1780,50,70,24,4,Month,Not_Active,45,220.75,No
6,No,37,1,2895,59,207,27,2,Month,Active,25,1064.43,No
4,No,28,2,1430,42,225,15,3,Contract,Active,30,958.88,No
4,No,27,1,1683,45,62,72,5,Month,Active,55,118.92,No
11,No,28,0,815,31,42,11,3,Month,Not_Active,30,201.84,No
0,No,27,0,940,16,53,7,4,Month,Not_Active,45,156.4,No
10,No,26,1,1340,38,51,17,2,Month,Active,25,291.51,No
2,No,26,1,3340,67,40,27,3,Month,Active,30,296.28,No
2,No,19,1,1810,32,60,18,3,Month,Active,30,313.68,No
16,No,18,2,6508,147,117,46,2,Contract,Active,25,825.975,No
12,No,16,1,9048,177,105,44,5,Month,Active,55,295.875,No
8,No,17,4,2968,51,63,23,3,Contract,Active,30,372.76,No
2,No,10,2,4505,46,247,14,3,Month,Active,30,1170.04,No
3,No,10,2,1603,25,32,11,3,Month,Active,30,193.12,Yes
8,No,37,0,4255,65,0,13,2,Month,Active,25,194.4,No
0,No,38,0,0,0,0,0,2,Month,Not_Active,25,0,No
10,No,36,0,2338,54,327,20,2,Month,Active,25,1579.14,No
10,No,37,0,4083,60,0,31,1,Month,Active,15,227.865,No
3,No,37,0,2278,52,0,29,1,Month,Active,15,128.15,No
11,No,37,0,3660,76,0,24,2,Month,Active,25,168.12,No
4,No,37,0,2245,33,253,14,3,Month,Active,30,1103.12,No
13,No,36,1,9000,115,112,39,3,Month,Active,30,812.6,No
7,No,37,0,13658,163,0,40,3,Month,Active,30,552.84,No
7,No,37,0,4400,77,0,21,3,Month,Active,30,179.08,No
6,No,37,0,5803,89,0,8,2,Month,Active,25,265.14,No
9,No,37,0,2123,48,0,13,3,Month,Not_Active,30,86.84,No
25,No,37,2,15025,219,22,28,3,Month,Active,30,697.76,No
4,No,37,0,2980,21,451,4,3,Month,Active,30,1924.04,No
9,No,36,0,15370,176,118,26,2,Month,Active,25,1230.57,No
3,No,36,0,6385,80,154,22,3,Month,Active,30,874.6,No
0,No,36,0,760,8,0,7,2,Month,Not_Active,25,34.56,No
2,No,37,0,595,8,0,4,2,Month,Not_Active,25,27.135,No
0,Yes,36,0,0,0,0,0,2,Month,Not_Active,25,0,Yes
3,No,36,0,7393,121,352,39,2,Month,Active,25,1922.13,No
7,No,36,0,11350,148,0,43,3,Month,Active,30,459.92,No
8,No,36,0,6603,69,76,33,2,Month,Active,25,642.24,No
23,No,32,0,840,41,0,13,2,Month,Not_Active,25,39.645,Yes
21,No,35,7,10320,87,0,38,4,Contract,Active,45,260.175,No
13,Yes,35,0,5703,92,0,20,2,Month,Active,25,260.775,Yes
1,No,33,0,2725,16,0,10,3,Month,Active,30,109.64,No
9,Yes,34,0,2875,35,0,12,2,Month,Not_Active,25,130.95,Yes
9,No,35,0,2153,38,2,27,3,Month,Not_Active,30,95.64,Yes
0,No,35,0,0,0,0,0,2,Month,Not_Active,25,0,Yes
1,No,35,0,1553,19,0,2,3,Month,Active,30,62.88,No
3,No,32,0,6670,91,0,18,4,Month,Active,45,169.025,No
0,No,35,0,513,1,0,3,4,Month,Not_Active,45,12.85,Yes
0,No,35,0,0,0,0,0,4,Month,Active,45,0,No
25,No,30,2,15960,232,0,76,2,Month,Active,25,728.64,No
6,No,33,2,6850,110,239,29,2,Contract,Active,25,1388.7,No
2,No,35,0,3603,76,0,24,2,Month,Active,25,165.555,No
3,No,34,0,1550,38,6,16,3,Month,Not_Active,30,87.52,No
6,No,35,0,2665,47,143,19,2,Month,Active,25,765.54,No
4,No,26,0,1200,30,161,7,2,Contract,Active,25,779.85,No
4,No,25,0,1453,33,0,64,4,Month,Active,45,37.15,No
11,No,26,0,585,19,0,3,2,Month,Not_Active,25,27.18,No
0,No,25,0,710,4,0,1,4,Month,Not_Active,45,17.85,No
10,No,24,0,1110,26,0,9,2,Month,Active,25,51.12,No
2,No,24,0,3110,55,0,19,3,Month,Active,30,126.6,No
2,No,17,0,1580,20,0,10,2,Month,Active,25,72,No
16,No,16,0,6278,135,53,38,1,Contract,Active,15,644.215,No
12,No,14,0,8818,165,41,36,4,Month,Active,45,327.075,No
8,No,15,2,2738,39,0,15,3,Month,Active,30,111.08,No
2,No,8,0,4275,34,183,6,3,Month,Active,30,904.36,No
3,Yes,8,0,1373,13,0,3,2,Month,Active,25,62.37,Yes
10,No,38,0,4560,72,14,20,3,Month,Active,30,241.28,No
2,No,39,0,508,6,16,7,2,Month,Not_Active,25,95.13,No
12,No,37,0,2643,61,368,27,3,Month,Active,30,1580.16,No
12,No,38,0,4388,67,10,38,1,Month,Active,15,300.025,No
5,No,38,0,2583,59,11,36,1,Month,Active,15,205.81,No
13,No,38,1,3965,83,41,31,3,Month,Active,30,325.92,No
6,No,38,0,2550,40,294,21,3,Month,Active,30,1279.6,No
15,No,37,2,9305,122,153,46,3,Month,Active,30,989.08,No
9,No,38,0,13963,170,9,47,3,Month,Active,30,601.32,No
9,No,38,1,4705,84,11,28,3,Month,Active,30,235.56,No
8,No,38,0,6108,96,16,15,3,Month,Active,30,312.16,No
11,Yes,38,0,2428,55,17,20,3,Month,Not_Active,30,167.32,No
27,No,38,3,15330,226,63,35,3,Month,Active,30,874.24,No
6,No,38,1,3285,28,492,11,3,Month,Active,30,2100.52,No
11,No,37,0,15675,183,159,33,2,Month,Active,25,1429.11,No
5,No,37,1,6690,87,195,29,3,Month,Active,30,1051.08,No
2,No,37,0,1065,15,9,14,2,Month,Not_Active,25,89.1,No
4,No,38,0,900,15,22,11,3,Month,Not_Active,30,124.6,No
2,No,37,0,190,1,9,3,2,Month,Not_Active,25,49.095,Yes
5,No,37,0,7698,128,393,46,2,Month,Active,25,2120.67,No
9,No,37,1,11655,155,20,50,4,Month,Active,45,345.25,No
10,No,37,1,6908,76,117,40,2,Month,Active,25,840.78,No
25,Yes,33,0,1145,48,25,20,2,Month,Not_Active,25,166.185,Yes
23,No,36,8,10625,94,10,45,5,Month,Active,55,175.785,No
15,No,36,1,6008,99,35,27,2,Month,Active,25,432.315,Yes
3,No,34,0,3030,23,9,17,3,Month,Active,30,158.12,No
11,Yes,35,0,3180,42,18,19,3,Month,Not_Active,30,200.88,Yes
11,Yes,36,0,2458,45,43,34,3,Month,Not_Active,30,272.12,Yes
2,No,36,0,323,3,9,5,3,Month,Not_Active,30,49.04,Yes
3,No,36,0,1858,26,9,9,3,Month,Active,30,111.36,No
5,No,33,1,6975,98,23,25,5,Month,Active,55,140.595,No
2,No,36,0,818,8,18,7,4,Month,Not_Active,45,65.65,Yes
2,No,36,1,528,5,13,5,5,Month,Active,55,27.495,No
27,No,31,3,16265,239,9,83,2,Month,Active,25,783.18,No
8,No,34,3,7155,117,280,36,2,Contract,Active,25,1587.24,No
4,No,36,0,3908,83,11,31,2,Month,Active,25,229.095,No
5,No,35,0,1855,45,47,23,3,Month,Not_Active,30,264,No
8,No,36,0,2970,54,184,26,2,Month,Active,25,964.08,No
6,Yes,27,1,1505,37,202,14,2,Contract,Active,25,978.39,Yes
6,No,26,0,1758,40,39,71,4,Month,Active,45,142.45,No
13,No,27,0,890,26,19,10,2,Month,Not_Active,25,126.72,No
2,No,26,0,1015,11,30,6,4,Month,Not_Active,45,100.65,No
12,No,25,0,1415,33,28,16,2,Month,Active,25,191.16,No
4,No,25,0,3415,62,17,26,3,Month,Active,30,207.08,No
4,No,18,0,1885,27,37,17,2,Month,Active,25,252.54,No
18,No,17,1,6582,142,94,45,2,Contract,Active,25,725.58,No
14,No,15,0,9122,172,82,43,4,Month,Active,45,437.35,No
10,No,16,3,3042,46,40,22,3,Month,Active,30,283.52,No
4,No,9,1,4580,41,224,13,3,Month,Active,30,1080.84,No
5,No,9,1,1677,20,9,10,3,Month,Active,30,103.88,Yes
6,No,38,0,4180,70,0,14,3,Month,Active,30,170,No
0,No,39,0,128,4,0,1,2,Month,Not_Active,25,5.94,No
8,No,37,0,2263,59,350,21,3,Month,Active,30,1492.88,No
8,No,38,0,4008,65,0,32,1,Month,Active,15,224.015,No
1,No,38,0,2203,57,0,30,1,Month,Active,15,124.3,No
9,No,38,1,3585,81,23,25,3,Month,Active,30,238.64,No
2,No,38,0,2170,38,276,15,3,Month,Active,30,1192.32,No
11,No,37,2,8925,120,135,40,3,Month,Active,30,901.8,No
5,No,38,0,13583,168,0,41,3,Month,Active,30,550.04,No
5,No,38,1,4325,82,0,22,3,Month,Active,30,176.28,No
4,No,38,0,5728,94,0,9,3,Month,Active,30,232.88,No
7,No,38,0,2048,53,0,14,3,Month,Not_Active,30,84.04,No
23,No,38,3,14950,224,45,29,3,Month,Active,30,786.96,No
2,No,38,1,2905,26,474,5,3,Month,Active,30,2013.24,No
7,No,37,0,15295,181,141,27,2,Month,Active,25,1330.92,No
1,No,37,1,6310,85,177,23,3,Month,Active,30,963.8,No
0,No,37,0,685,13,0,8,2,Month,Not_Active,25,31.41,No
0,No,38,0,520,13,4,5,3,Month,Not_Active,30,37.32,No
0,No,37,0,0,0,0,0,2,Month,Not_Active,25,0,Yes
1,No,37,0,7318,126,375,40,2,Month,Active,25,2022.48,No
5,No,37,1,11275,153,2,44,4,Month,Active,45,290.7,No
6,No,37,1,6528,74,99,34,2,Month,Active,25,742.59,No
21,No,33,0,765,46,7,14,2,Month,Not_Active,25,67.995,Yes
19,No,36,8,10245,92,0,39,5,Contract,Active,55,155.055,No
11,No,36,1,5628,97,17,21,2,Month,Active,25,334.125,Yes
0,No,34,0,2650,21,0,11,3,Month,Active,30,106.84,No
7,Yes,35,0,2800,40,0,13,3,Month,Not_Active,30,113.6,Yes
7,No,36,0,2078,43,25,28,3,Month,Not_Active,30,184.84,Yes
0,No,36,0,0,0,0,0,3,Month,Not_Active,30,0,Yes
0,No,36,0,1478,24,0,3,3,Month,Active,30,60.08,No
1,No,33,1,6595,96,5,19,5,Month,Active,55,107.865,No
0,No,36,0,438,6,0,1,4,Month,Not_Active,45,11.1,Yes
0,No,36,1,0,0,0,0,5,Month,Active,55,0,No
23,No,31,3,15885,237,0,77,2,Month,Active,25,725.49,No
4,No,34,3,6775,115,262,30,2,Contract,Active,25,1489.05,No
0,No,36,0,3528,81,0,25,2,Month,Active,25,162.405,No
1,No,35,0,1475,43,29,17,3,Month,Not_Active,30,176.72,No
4,No,36,0,2590,52,166,20,2,Month,Active,25,865.89,No
2,No,27,1,1125,35,184,8,2,Contract,Active,25,880.2,No
2,No,26,0,1378,38,21,65,4,Month,Active,45,87.9,No
9,No,27,0,510,24,1,4,2,Month,Not_Active,25,28.53,No
0,No,26,0,635,9,12,1,4,Month,Not_Active,45,46.1,No
8,No,25,0,1035,31,10,10,2,Month,Active,25,92.97,No
0,No,25,0,3035,60,0,20,3,Month,Active,30,123.8,No
0,No,18,0,1505,25,19,11,2,Month,Active,25,154.35,No
14,No,17,1,6202,140,76,39,2,Contract,Active,25,627.39,No
10,No,15,0,8742,170,64,37,4,Month,Active,45,382.8,No
6,No,16,3,2662,44,22,16,3,Month,Active,30,196.24,No
0,No,9,1,4200,39,206,7,3,Month,Active,30,993.56,No
1,No,9,1,1297,18,0,4,3,Month,Active,30,52.6,Yes
6,No,33,0,4370,65,0,16,2,Month,Active,25,199.575,No
0,No,34,0,318,4,0,3,2,Month,Not_Active,25,14.49,No
8,No,32,0,2453,54,351,23,2,Month,Active,25,1692.315,No
8,No,33,0,4198,60,0,34,1,Month,Active,15,234.19,No
1,No,33,0,2393,52,0,32,1,Month,Active,15,134.475,No
9,No,33,0,3775,76,24,27,2,Month,Active,25,281.295,No
2,No,33,0,2360,33,277,17,3,Month,Active,30,1203.72,No
11,No,32,1,9115,115,136,42,3,Month,Active,30,913.2,No
5,No,33,0,13773,163,0,43,3,Month,Active,30,557.44,No
5,No,33,0,4515,77,0,24,3,Month,Active,30,183.68,No
4,No,33,0,5918,89,0,11,2,Month,Active,25,270.315,No
7,Yes,33,0,2238,48,0,16,3,Month,Not_Active,30,91.44,No
23,No,33,2,15140,219,46,31,3,Month,Active,30,798.36,No
2,No,33,0,3095,21,475,7,3,Month,Active,30,2024.64,No
7,No,32,0,15485,176,142,29,2,Month,Active,25,1343.745,No
1,No,32,0,6500,80,178,25,3,Month,Active,30,975.2,No
0,No,32,0,875,8,0,10,2,Month,Not_Active,25,39.735,No
0,No,33,0,710,8,5,7,2,Month,Not_Active,25,54.81,No
0,No,32,0,0,0,0,0,2,Month,Not_Active,25,0,Yes
1,No,32,0,7508,121,376,42,2,Month,Active,25,2035.305,No
5,No,32,0,11465,148,3,46,3,Month,Active,30,476.52,No
6,No,32,0,6718,69,100,36,2,Month,Active,25,755.415,No
21,Yes,28,0,955,41,8,16,2,Month,Not_Active,25,80.82,Yes
19,No,31,7,10435,87,0,41,4,Month,Active,45,263.05,No
11,No,31,0,5818,92,18,23,2,Month,Active,25,346.95,Yes
0,No,29,0,2840,16,0,13,3,Month,Active,30,114.24,No
7,Yes,30,0,2990,35,1,15,2,Month,Not_Active,25,140.625,Yes
7,Yes,31,0,2268,38,26,30,3,Month,Not_Active,30,196.24,Yes
0,Yes,31,0,0,0,0,0,2,Month,Not_Active,25,0,Yes
0,No,31,0,1668,19,0,5,3,Month,Active,30,67.48,No
1,No,28,0,6785,91,6,21,4,Month,Active,45,186.9,No
0,No,31,0,628,1,1,3,4,Month,Not_Active,45,18.225,Yes
0,No,31,0,338,5,0,1,4,Month,Active,45,8.575,No
23,No,26,2,16075,232,0,79,2,Month,Active,25,733.815,No
4,No,29,2,6965,110,263,32,2,Contract,Active,25,1501.875,No
0,No,31,0,3718,76,0,27,2,Month,Active,25,170.73,No
1,No,30,0,1665,38,30,19,3,Month,Not_Active,30,188.12,No
4,No,31,0,2780,47,167,22,2,Month,Active,25,878.715,No
2,No,22,0,1315,30,185,10,2,Contract,Active,25,893.025,No
2,No,21,0,1568,33,22,67,4,Month,Active,45,95.025,No
9,No,22,0,700,19,2,6,2,Month,Not_Active,25,41.355,No
0,No,21,0,825,4,13,2,4,Month,Not_Active,45,53.225,No
8,No,20,0,1225,26,11,12,2,Month,Active,25,105.795,No
0,No,20,0,3225,55,0,22,3,Month,Active,30,131.2,No
0,No,13,0,1695,20,20,13,2,Month,Active,25,167.175,No
14,No,12,0,6392,135,77,41,1,Contract,Active,15,782.485,No
10,No,10,0,8932,165,65,39,4,Month,Active,45,389.925,No
6,No,11,2,2852,39,23,18,3,Month,Active,30,207.64,No
0,No,4,0,4390,34,207,9,3,Month,Active,30,1004.96,No
1,No,4,0,1487,13,0,6,2,Month,Active,25,67.5,Yes
10,No,43,1,4370,77,13,18,3,Month,Active,30,229.88,No
2,No,44,0,318,11,15,5,3,Month,Not_Active,30,73.16,No
12,No,42,1,2453,66,367,25,3,Month,Active,30,1568.76,No
12,No,43,1,4198,72,9,36,1,Month,Active,15,284.35,No
5,No,43,1,2393,64,10,34,2,Month,Active,25,155.565,No
13,No,43,2,3775,88,40,29,3,Month,Active,30,314.52,No
6,No,43,1,2360,45,293,19,4,Month,Active,45,792.625,No
15,No,42,3,9115,127,152,44,3,Month,Active,30,977.68,No
9,No,43,1,13773,175,8,45,3,Month,Active,30,589.92,No
9,No,43,2,4515,89,10,26,3,Month,Active,30,224.16,No
8,No,43,1,5918,101,15,13,3,Month,Active,30,300.76,No
11,Yes,43,0,2238,60,16,18,3,Month,Not_Active,30,155.92,No
27,No,43,4,15140,231,62,33,3,Month,Active,30,862.84,No
6,No,43,2,3095,33,491,9,4,Month,Active,45,1305.7,No
11,No,42,1,15485,188,158,31,2,Month,Active,25,1416.285,No
5,No,42,2,6500,92,194,27,3,Month,Active,30,1039.68,No
2,No,42,0,875,20,8,12,2,Month,Not_Active,25,76.275,No
4,No,43,0,710,20,21,9,3,Month,Not_Active,30,113.2,No
0,No,42,0,0,0,8,0,2,Month,Not_Active,25,36,Yes
5,No,42,1,7508,133,392,44,3,Month,Active,30,1873.64,No
9,No,42,2,11465,160,19,48,4,Month,Active,45,338.125,No
10,No,42,2,6718,81,116,38,2,Month,Active,25,827.955,No
25,Yes,38,0,955,53,24,18,3,Month,Not_Active,30,136.32,Yes
23,No,41,9,10435,99,9,43,5,Contract,Active,55,171.51,No
15,No,41,2,5818,104,34,25,3,Month,Active,30,372.88,No
3,No,39,1,2840,28,8,15,3,Month,Active,30,146.72,No
11,No,40,0,2990,47,17,17,3,Month,Not_Active,30,189.48,Yes
11,Yes,41,0,2268,50,42,32,4,Month,Not_Active,45,162.95,Yes
2,No,41,0,133,8,8,3,3,Month,Not_Active,30,37.64,Yes
3,No,41,1,1668,31,8,7,4,Month,Active,45,62.475,No
5,No,38,2,6785,103,22,23,5,Month,Active,55,136.32,No
2,No,41,0,628,13,17,5,4,Month,Not_Active,45,58.525,Yes
2,No,41,2,338,10,12,3,5,Month,Active,55,23.22,No
27,No,36,4,16075,244,8,81,2,Month,Active,25,770.355,No
8,No,39,4,6965,122,279,34,3,Contract,Active,30,1399.48,No
4,No,41,1,3718,88,10,29,3,Month,Active,30,192.24,No
5,No,40,0,1665,50,46,21,4,Month,Not_Active,45,157.875,No
8,No,41,1,2780,59,183,24,2,Month,Active,25,951.255,No
6,Yes,32,2,1315,42,201,12,3,Contract,Active,30,858.28,Yes
6,No,31,1,1568,45,38,69,5,Month,Active,55,81.195,No
13,No,32,0,700,31,18,8,3,Month,Not_Active,30,101.24,No
2,No,31,0,825,16,29,4,4,Month,Not_Active,45,93.525,No
12,No,30,1,1225,38,27,14,2,Month,Active,25,178.335,No
4,No,30,1,3225,67,16,24,3,Month,Active,30,195.68,No
4,No,23,1,1695,32,36,15,3,Month,Active,30,213.08,No
18,No,22,2,6392,147,93,43,2,Contract,Active,25,712.755,No
14,No,20,1,8932,177,81,41,5,Month,Active,55,258.135,No
10,No,21,4,2852,51,39,20,3,Month,Active,30,272.12,No
4,No,14,2,4390,46,223,11,3,Month,Active,30,1069.44,No
5,Yes,14,2,1487,25,8,8,3,Month,Active,30,92.48,Yes
14,No,39,1,5080,82,30,17,3,Month,Active,30,326.48,No
6,No,40,0,1028,16,15,4,3,Month,Not_Active,30,101.76,No
16,No,38,1,3163,71,367,24,3,Month,Active,30,1597.36,No
16,No,39,1,4908,77,9,35,1,Month,Active,15,323.675,No
9,No,39,1,3103,69,10,33,2,Month,Active,25,187.74,No
17,No,39,2,4485,93,40,28,3,Month,Active,30,343.12,No
10,No,39,1,3070,50,293,18,3,Month,Active,30,1296.8,No
19,No,38,3,9825,132,152,43,3,Month,Active,30,1006.28,No
13,No,39,1,14483,180,8,44,3,Month,Active,30,618.52,No
13,No,39,2,5225,94,10,25,3,Month,Active,30,252.76,No
12,No,39,1,6628,106,15,12,3,Month,Active,30,329.36,No
15,No,39,0,2948,65,16,17,3,Month,Not_Active,30,184.52,No
31,Yes,39,4,15850,236,62,32,3,Month,Active,30,891.44,No
10,No,39,2,3805,38,491,8,3,Month,Active,30,2117.72,No
15,No,38,1,16195,193,158,30,2,Month,Active,25,1448.46,No
9,No,38,2,7210,97,194,26,3,Month,Active,30,1068.28,No
6,No,38,0,1585,25,8,11,2,Month,Not_Active,25,108.45,No
8,No,39,0,1420,25,21,8,3,Month,Not_Active,30,141.8,No
6,No,38,0,710,11,8,2,2,Month,Not_Active,25,68.445,Yes
9,No,38,1,8218,138,392,43,3,Month,Active,30,1902.24,No
13,No,38,2,12175,165,19,47,4,Month,Active,45,356,No
14,No,38,2,7428,86,116,37,2,Month,Active,25,860.13,No
29,Yes,34,0,1665,58,24,17,3,Month,Not_Active,30,164.92,Yes
27,No,37,9,11145,104,9,42,5,Contract,Active,55,182.235,No
19,No,37,2,6528,109,34,24,2,Month,Active,25,451.665,No
7,No,35,1,3550,33,8,14,3,Month,Active,30,175.32,No
15,Yes,36,0,3700,52,17,16,3,Month,Not_Active,30,218.08,Yes
15,Yes,37,0,2978,55,42,31,3,Month,Not_Active,30,289.32,Yes
6,No,37,0,843,13,8,2,3,Month,Not_Active,30,66.24,Yes
7,No,37,1,2378,36,8,6,4,Month,Active,45,80.35,No
9,No,34,2,7495,108,22,22,5,Month,Active,55,147.045,No
6,Yes,37,0,1338,18,17,4,4,Month,Not_Active,45,76.4,Yes
6,No,37,2,1048,15,12,2,5,Month,Active,55,33.945,No
31,Yes,32,4,16785,249,8,80,2,Month,Active,25,802.53,No
12,Yes,35,4,7675,127,279,33,3,Contract,Active,30,1428.08,No
8,No,37,1,4428,93,10,28,3,Month,Active,30,220.84,No
9,No,36,0,2375,55,46,20,3,Month,Not_Active,30,281.2,No
12,No,37,1,3490,64,183,23,2,Month,Active,25,983.43,No
10,No,28,2,2025,47,201,11,3,Contract,Active,30,886.88,No
10,No,27,1,2278,50,38,68,4,Month,Active,45,153.2,No
17,No,28,0,1410,36,18,7,3,Month,Not_Active,30,129.84,No
6,No,27,0,1535,21,29,3,4,Month,Not_Active,45,111.4,No
16,No,26,1,1935,43,27,13,2,Month,Active,25,210.51,No
8,No,26,1,3935,72,16,23,3,Month,Active,30,224.28,No
8,No,19,1,2405,37,36,14,2,Month,Active,25,271.89,No
22,No,18,2,7102,152,93,42,2,Contract,Active,25,744.93,No
18,No,16,1,9642,182,81,40,5,Month,Active,55,268.86,No
14,No,17,4,3562,56,39,19,3,Contract,Active,30,300.72,No
8,No,10,2,5100,51,223,10,3,Month,Active,30,1098.04,No
9,No,10,2,2197,30,8,7,3,Month,Active,30,121.08,Yes
2,No,37,0,3660,60,0,17,2,Month,Active,25,167.4,No
0,No,38,0,0,0,0,0,2,Month,Not_Active,25,0,No
4,No,36,0,1743,49,334,24,2,Month,Active,25,1583.64,No
4,No,37,0,3488,55,0,35,1,Month,Active,15,194.865,No
0,No,37,0,1683,47,0,33,1,Month,Active,15,95.15,No
5,No,37,0,3065,71,7,28,3,Month,Active,30,153.44,No
0,No,37,0,1650,28,260,18,3,Month,Active,30,1107.12,No
7,No,36,1,8405,110,119,43,3,Month,Active,30,816.6,No
1,No,37,0,13063,158,0,44,3,Month,Active,30,528.84,No
1,No,37,0,3805,72,0,25,3,Month,Active,30,155.08,No
0,No,37,0,5208,84,0,12,2,Month,Active,25,238.14,No
3,No,37,0,1528,43,0,17,3,Month,Not_Active,30,62.84,No
19,No,37,2,14430,214,29,32,3,Month,Active,30,701.76,No
0,No,37,0,2385,16,458,8,3,Month,Active,30,1928.04,No
3,No,36,0,14775,171,125,30,2,Month,Active,25,1235.07,No
0,No,36,0,5790,75,161,26,3,Month,Active,30,878.6,No
0,No,36,0,165,3,0,11,2,Month,Not_Active,25,7.56,No
0,No,37,0,0,0,0,0,2,Month,Not_Active,25,0,No
0,No,36,0,0,0,0,0,2,Month,Not_Active,25,0,Yes
0,No,36,0,6798,116,359,43,2,Month,Active,25,1926.63,No
1,No,36,0,10755,143,0,47,3,Month,Active,30,435.92,No
2,No,36,0,6008,64,83,37,2,Month,Active,25,646.74,No
17,No,32,0,245,36,0,17,2,Month,Not_Active,25,12.645,Yes
15,No,35,7,9725,82,0,42,4,Month,Active,45,245.175,No
7,No,35,0,5108,87,1,24,2,Month,Active,25,238.275,Yes
0,No,33,0,2130,11,0,14,3,Month,Active,30,85.64,No
3,Yes,34,0,2280,30,0,16,2,Month,Not_Active,25,103.95,Yes
3,No,35,0,1558,33,9,31,3,Month,Not_Active,30,99.64,Yes
0,No,35,0,0,0,0,0,3,Month,Not_Active,30,0,Yes
0,No,35,0,958,14,0,6,3,Month,Active,30,38.88,No
0,No,32,0,6075,86,0,22,4,Month,Active,45,154.025,No
0,No,35,0,0,0,0,0,4,Month,Not_Active,45,0,Yes
0,No,35,0,0,0,0,0,5,Month,Active,55,0,No
19,No,30,2,15365,227,0,80,2,Month,Active,25,701.64,No
0,No,33,2,6255,105,246,33,2,Contract,Active,25,1393.2,No
0,No,35,0,3008,71,0,28,2,Month,Active,25,138.555,No
0,No,34,0,955,33,13,20,3,Month,Not_Active,30,91.52,No
0,No,35,0,2070,42,150,23,2,Month,Active,25,770.04,No
0,No,26,0,605,25,168,11,2,Contract,Active,25,784.35,No
0,No,25,0,858,28,5,68,4,Month,Active,45,34.65,No
0,No,26,0,0,0,0,0,2,Month,Not_Active,25,0,No
0,No,25,0,0,0,0,0,4,Month,Not_Active,45,0,No
4,No,24,0,515,21,0,13,2,Month,Active,25,24.12,No
0,No,24,0,2515,50,0,23,3,Month,Active,30,102.6,No
0,No,17,0,985,15,3,14,2,Month,Active,25,58.5,No
10,No,16,0,5682,130,60,42,1,Contract,Active,15,649.66,No
6,No,14,0,8222,160,48,40,4,Month,Active,45,329.55,No
2,No,15,2,2142,34,6,19,3,Month,Active,30,111.04,No
0,No,8,0,3680,29,190,10,3,Month,Active,30,908.36,No
0,No,8,0,777,8,0,7,3,Month,Active,30,31.4,Yes
8,No,38,0,4370,71,5,17,3,Month,Active,30,197.64,No
0,No,39,0,318,5,7,4,2,Month,Not_Active,25,46.035,No
10,No,37,0,2453,60,359,24,3,Month,Active,30,1536.52,No
10,No,38,0,4198,66,1,35,1,Month,Active,15,240.02,No
3,No,38,0,2393,58,2,33,1,Month,Active,15,145.805,No
11,No,38,1,3775,82,32,28,3,Month,Active,30,282.28,No
4,No,38,0,2360,39,285,18,3,Month,Active,30,1235.96,No
13,No,37,2,9115,121,144,43,3,Month,Active,30,945.44,No
7,No,38,0,13773,169,0,44,3,Month,Active,30,557.68,No
7,No,38,1,4515,83,2,25,3,Month,Active,30,191.92,No
6,No,38,0,5918,95,7,12,3,Month,Active,30,268.52,No
9,Yes,38,0,2238,54,8,17,3,Month,Not_Active,30,123.68,No
25,No,38,3,15140,225,54,32,3,Month,Active,30,830.6,No
4,No,38,1,3095,27,483,8,3,Month,Active,30,2056.88,No
9,No,37,0,15485,182,150,30,2,Month,Active,25,1380.015,No
3,No,37,1,6500,86,186,26,3,Month,Active,30,1007.44,No
0,No,37,0,875,14,0,11,2,Month,Not_Active,25,40.005,No
2,No,38,0,710,14,13,8,3,Month,Not_Active,30,80.96,No
0,No,37,0,0,0,0,0,2,Month,Not_Active,25,0,Yes
3,No,37,0,7508,127,384,43,2,Month,Active,25,2071.575,No
7,No,37,1,11465,154,11,47,4,Month,Active,45,317.975,No
8,No,37,1,6718,75,108,37,2,Month,Active,25,791.685,No
23,No,33,0,955,47,16,17,2,Month,Not_Active,25,117.09,Yes
21,Yes,36,8,10435,93,1,42,5,Month,Active,55,159.42,No
13,No,36,1,5818,98,26,24,2,Month,Active,25,383.22,Yes
1,No,34,0,2840,22,0,14,3,Month,Active,30,114.48,No
9,Yes,35,0,2990,41,9,16,3,Month,Not_Active,30,157.24,Yes
9,No,36,0,2268,44,34,31,3,Month,Not_Active,30,228.48,Yes
0,No,36,0,133,2,0,2,3,Month,Not_Active,30,5.4,Yes
1,No,36,0,1668,25,0,6,3,Month,Active,30,67.72,No
3,No,33,1,6785,97,14,22,5,Month,Active,55,124.23,No
0,No,36,0,628,7,9,4,4,Month,Not_Active,45,38.375,Yes
0,No,36,1,338,4,4,2,5,Month,Active,55,11.13,No
25,No,31,3,16075,238,0,80,2,Month,Active,25,734.085,No
6,No,34,3,6965,116,271,33,2,Contract,Active,25,1538.145,No
2,No,36,0,3718,82,2,28,2,Month,Active,25,180,No
3,No,35,0,1665,44,38,20,3,Month,Not_Active,30,220.36,No
6,No,36,0,2780,53,175,23,2,Month,Active,25,914.985,No
4,Yes,27,1,1315,36,193,11,2,Contract,Active,25,929.295,Yes
4,No,26,0,1568,39,30,68,4,Month,Active,45,115.175,No
11,No,27,0,700,25,10,7,2,Month,Not_Active,25,77.625,No
0,No,26,0,825,10,21,3,4,Month,Not_Active,45,73.375,No
10,No,25,0,1225,32,19,13,2,Month,Active,25,142.065,No
2,No,25,0,3225,61,8,23,3,Month,Active,30,163.44,No
2,No,18,0,1695,26,28,14,2,Month,Active,25,203.445,No
16,No,17,1,6392,141,85,42,2,Contract,Active,25,676.485,No
12,No,15,0,8932,171,73,40,4,Month,Active,45,410.075,No
8,No,16,3,2852,45,31,19,3,Month,Active,30,239.88,No
2,No,9,1,4390,40,215,10,3,Month,Active,30,1037.2,No
3,No,9,1,1487,19,0,7,3,Month,Active,30,60.24,Yes
8,No,38,0,4370,71,5,17,3,Month,Active,30,197.64,No
0,No,39,0,318,5,7,4,2,Month,Not_Active,25,46.035,No
10,No,37,0,2453,60,359,24,3,Month,Active,30,1536.52,No
10,No,38,0,4198,66,1,35,1,Month,Active,15,240.02,No
3,No,38,0,2393,58,2,33,1,Month,Active,15,145.805,No
11,No,38,1,3775,82,32,28,3,Month,Active,30,282.28,No
4,No,38,0,2360,39,285,18,3,Month,Active,30,1235.96,No
13,No,37,2,9115,121,144,43,3,Month,Active,30,945.44,No
7,No,38,0,13773,169,0,44,3,Month,Active,30,557.68,No
7,No,38,1,4515,83,2,25,3,Month,Active,30,191.92,No
6,No,38,0,5918,95,7,12,3,Month,Active,30,268.52,No
9,Yes,38,0,2238,54,8,17,3,Month,Not_Active,30,123.68,No
25,No,38,3,15140,225,54,32,3,Month,Active,30,830.6,No
4,No,38,1,3095,27,483,8,3,Month,Active,30,2056.88,No
9,No,37,0,15485,182,150,30,2,Month,Active,25,1380.015,No
3,No,37,1,6500,86,186,26,3,Month,Active,30,1007.44,No
0,No,37,0,875,14,0,11,2,Month,Not_Active,25,40.005,No
2,No,38,0,710,14,13,8,3,Month,Not_Active,30,80.96,No
0,No,37,0,0,0,0,0,2,Month,Not_Active,25,0,Yes
3,No,37,0,7508,127,384,43,2,Month,Active,25,2071.575,No
7,No,37,1,11465,154,11,47,4,Month,Active,45,317.975,No
8,No,37,1,6718,75,108,37,2,Month,Active,25,791.685,No
23,Yes,33,0,955,47,16,17,2,Month,Not_Active,25,117.09,Yes
21,No,36,8,10435,93,1,42,5,Month,Active,55,159.42,No
13,Yes,36,1,5818,98,26,24,2,Month,Active,25,383.22,Yes
1,No,34,0,2840,22,0,14,3,Month,Active,30,114.48,No
9,No,35,0,2990,41,9,16,3,Month,Not_Active,30,157.24,Yes
9,No,36,0,2268,44,34,31,3,Month,Not_Active,30,228.48,Yes
0,No,36,0,133,2,0,2,3,Month,Not_Active,30,5.4,Yes
1,No,36,0,1668,25,0,6,3,Month,Active,30,67.72,No
3,No,33,1,6785,97,14,22,5,Month,Active,55,124.23,No
0,No,36,0,628,7,9,4,4,Month,Not_Active,45,38.375,Yes
0,No,36,1,338,4,4,2,5,Month,Active,55,11.13,No
25,Yes,31,3,16075,238,0,80,2,Month,Active,25,734.085,No
6,No,34,3,6965,116,271,33,2,Contract,Active,25,1538.145,No
2,No,36,0,3718,82,2,28,2,Month,Active,25,180,No
3,No,35,0,1665,44,38,20,3,Month,Not_Active,30,220.36,No
6,No,36,0,2780,53,175,23,2,Month,Active,25,914.985,No
4,No,27,1,1315,36,193,11,2,Contract,Active,25,929.295,No
4,No,26,0,1568,39,30,68,4,Month,Active,45,115.175,No
11,No,27,0,700,25,10,7,2,Month,Not_Active,25,77.625,No
0,No,26,0,825,10,21,3,4,Month,Not_Active,45,73.375,No
10,No,25,0,1225,32,19,13,2,Month,Active,25,142.065,No
2,No,25,0,3225,61,8,23,3,Month,Active,30,163.44,No
2,No,18,0,1695,26,28,14,2,Month,Active,25,203.445,No
16,No,17,1,6392,141,85,42,2,Contract,Active,25,676.485,No
12,No,15,0,8932,171,73,40,4,Month,Active,45,410.075,No
8,No,16,3,2852,45,31,19,3,Month,Active,30,239.88,No
2,No,9,1,4390,40,215,10,3,Month,Active,30,1037.2,No
3,Yes,9,1,1487,19,0,7,3,Month,Active,30,60.24,Yes
3,No,36,0,4065,65,0,15,2,Month,Active,25,185.85,No
0,No,37,0,0,0,0,0,2,Month,Not_Active,25,0,No
5,No,35,0,2148,54,352,22,2,Month,Active,25,1683.09,No
5,No,36,0,3893,60,0,33,1,Month,Active,15,217.415,No
0,No,36,0,2088,52,0,31,1,Month,Active,15,117.7,No
6,No,36,0,3470,76,25,26,2,Month,Active,25,272.07,No
0,No,36,0,2055,33,278,16,3,Month,Active,30,1195.52,No
8,No,35,1,8810,115,137,41,3,Month,Active,30,905,No
2,No,36,0,13468,163,0,42,3,Month,Active,30,545.24,No
2,No,36,0,4210,77,0,23,3,Month,Active,30,171.48,No
1,No,36,0,5613,89,0,10,2,Month,Active,25,256.59,No
4,No,36,0,1933,48,1,15,3,Month,Not_Active,30,83.24,No
20,No,36,2,14835,219,47,30,3,Month,Active,30,790.16,No
0,No,36,0,2790,21,476,6,3,Month,Active,30,2016.44,No
4,No,35,0,15180,176,143,28,2,Month,Active,25,1334.52,No
0,No,35,0,6195,80,179,24,3,Month,Active,30,967,No
0,No,35,0,570,8,0,9,2,Month,Not_Active,25,26.01,No
0,No,36,0,405,8,6,6,2,Month,Not_Active,25,45.585,No
0,No,35,0,0,0,0,0,2,Month,Not_Active,25,0,Yes
0,No,35,0,7203,121,377,41,2,Month,Active,25,2026.08,No
2,No,35,0,11160,148,4,45,3,Month,Active,30,468.32,No
3,No,35,0,6413,69,101,35,2,Month,Active,25,746.19,No
18,No,31,0,650,41,9,15,2,Month,Not_Active,25,71.595,Yes
16,No,34,7,10130,87,0,40,4,Month,Active,45,255.425,No
8,Yes,34,0,5513,92,19,22,2,Month,Active,25,337.725,Yes
0,No,32,0,2535,16,0,12,3,Month,Active,30,102.04,No
4,No,33,0,2685,35,2,14,2,Month,Not_Active,25,131.4,Yes
4,No,34,0,1963,38,27,29,3,Month,Not_Active,30,188.04,Yes
0,Yes,34,0,0,0,0,0,3,Month,Not_Active,30,0,Yes
0,No,34,0,1363,19,0,4,3,Month,Active,30,55.28,No
0,No,31,0,6480,91,7,20,4,Month,Active,45,181.775,No
0,No,34,0,323,1,2,2,4,Month,Not_Active,45,13.1,Yes
0,No,34,0,0,0,0,0,5,Month,Active,55,0,No
20,No,29,2,15770,232,0,78,2,Month,Active,25,720.09,No
1,No,32,2,6660,110,264,31,2,Contract,Active,25,1492.65,No
0,No,34,0,3413,76,0,26,2,Month,Active,25,157.005,No
0,No,33,0,1360,38,31,18,3,Month,Not_Active,30,179.92,No
1,No,34,0,2475,47,168,21,2,Month,Active,25,869.49,No
0,Yes,25,0,1010,30,186,9,2,Contract,Active,25,883.8,Yes
0,No,24,0,1263,33,23,66,4,Month,Active,45,89.9,No
6,No,25,0,395,19,3,5,2,Month,Not_Active,25,32.13,No
0,No,24,0,520,4,14,1,4,Month,Not_Active,45,48.1,No
5,No,23,0,920,26,12,11,2,Month,Active,25,96.57,No
0,No,23,0,2920,55,1,21,3,Month,Active,30,123,No
0,No,16,0,1390,20,21,12,2,Month,Active,25,157.95,No
11,No,15,0,6088,135,78,40,1,Contract,Active,15,771.265,No
7,No,13,0,8628,165,66,38,4,Month,Active,45,384.825,No
3,No,14,2,2548,39,24,17,3,Month,Active,30,199.48,No
0,No,7,0,4085,34,208,8,3,Month,Active,30,996.76,No
0,Yes,7,0,1183,13,0,5,2,Month,Not_Active,25,53.82,Yes
6,No,38,0,4125,68,3,17,2,Month,Active,25,202.185,No
0,No,39,0,73,2,5,4,2,Month,Active,25,25.875,No
8,No,37,0,2208,57,357,24,2,Month,Active,25,1708.425,No
8,No,38,0,3953,63,0,35,1,Month,Active,15,220.88,No
1,No,38,0,2148,55,0,33,1,Month,Active,15,121.165,No
9,No,38,1,3530,79,30,28,3,Month,Active,30,264.36,No
2,No,38,0,2115,36,283,18,3,Month,Active,30,1218.04,No
11,No,37,2,8870,118,142,43,3,Month,Active,30,927.52,No
5,No,38,0,13528,166,0,44,3,Month,Active,30,547.76,No
5,No,38,1,4270,80,0,25,3,Month,Active,30,174,No
4,No,38,0,5673,92,5,12,2,Month,Active,25,281.925,No
7,No,38,0,1993,51,6,17,3,Month,Active,30,105.76,No
23,No,38,3,14895,222,52,32,3,Month,Active,30,812.68,No
2,No,38,1,2850,24,481,8,3,Month,Active,30,2038.96,No
7,No,37,0,15240,179,148,30,2,Month,Active,25,1359.855,No
1,No,37,1,6255,83,184,26,3,Month,Active,30,989.52,No
0,No,37,0,630,11,0,11,2,Month,Active,25,28.845,No
0,No,38,0,465,11,11,8,2,Month,Active,25,70.92,No
0,No,37,0,0,0,0,0,2,Month,Active,25,0,Yes
1,No,37,0,7263,124,382,43,2,Month,Active,25,2051.415,No
5,No,37,1,11220,151,9,47,3,Month,Active,30,490.84,No
6,No,37,1,6473,72,106,37,2,Month,Active,25,771.525,No
21,Yes,33,0,710,44,14,17,2,Month,Active,25,96.93,Yes
19,No,36,8,10190,90,0,42,4,Month,Active,45,257,No
11,Yes,36,1,5573,95,24,24,2,Month,Active,25,363.06,Yes
0,No,34,0,2595,19,0,14,3,Month,Active,30,104.56,No
7,No,35,0,2745,38,7,16,3,Month,Active,30,139.32,Yes
7,Yes,36,0,2023,41,32,31,3,Month,Active,30,210.56,Yes
0,No,36,0,0,0,0,0,3,Month,Active,30,0,Yes
0,No,36,0,1423,22,0,6,3,Month,Active,30,57.8,No
1,No,33,1,6540,94,12,22,4,Month,Active,45,195.85,No
0,No,36,0,383,4,7,4,4,Month,Active,45,27.175,Yes
0,No,36,1,93,1,2,2,5,Month,Active,55,4.41,No
23,No,31,3,15830,235,0,80,2,Month,Active,25,722.925,No
4,No,34,3,6720,113,269,33,2,Contract,Active,25,1517.985,No
0,No,36,0,3473,79,0,28,2,Month,Active,25,159.84,No
1,No,35,0,1420,41,36,20,3,Month,Active,30,202.44,No
4,No,36,0,2535,50,173,23,2,Month,Active,25,894.825,No
2,Yes,27,1,1070,33,191,11,2,Contract,Active,25,909.135,No
2,No,26,0,1323,36,28,68,4,Month,Active,45,103.975,No
9,No,27,0,455,22,8,7,2,Month,Active,25,57.465,No
0,No,26,0,580,7,19,3,4,Month,Active,45,62.175,No
8,No,25,0,980,29,17,13,2,Month,Active,25,121.905,No
0,No,25,0,2980,58,6,23,3,Month,Active,30,145.52,No
0,No,18,0,1450,23,26,14,2,Month,Active,25,183.285,No
14,Yes,17,1,6148,138,83,42,1,Contract,Active,15,802.23,No
10,No,15,0,8688,168,71,40,4,Month,Active,45,398.9,No
6,No,16,3,2608,42,29,19,3,Month,Active,30,222,No
0,No,9,1,4145,37,213,10,3,Month,Active,30,1019.28,No
1,Yes,9,1,1243,16,0,7,3,Month,Active,30,50.36,Yes
0,No,34,0,4005,62,0,13,2,Month,Active,25,183.015,No
0,No,35,0,0,0,0,0,2,Month,Not_Active,25,0,No
2,No,33,0,2088,51,347,20,2,Month,Active,25,1657.755,No
2,No,34,0,3833,57,0,31,2,Month,Active,25,175.05,No
0,No,34,0,2028,49,0,29,1,Month,Active,15,114.235,No
3,No,34,0,3410,73,20,24,2,Month,Active,25,246.735,No
0,No,34,0,1995,30,273,14,3,Month,Active,30,1173,No
5,No,33,0,8750,112,132,39,3,Month,Active,30,882.48,No
0,No,34,0,13408,160,0,40,3,Month,Active,30,542.72,No
0,No,34,0,4150,74,0,21,3,Month,Active,30,168.96,No
0,No,34,0,5553,86,0,8,2,Month,Active,25,253.755,No
1,No,34,0,1873,45,0,13,3,Month,Not_Active,30,76.72,No
17,No,34,1,14775,216,42,28,2,Month,Active,25,863.595,No
0,No,34,0,2730,18,471,4,3,Month,Active,30,1993.92,No
1,No,33,0,15120,173,138,26,2,Month,Active,25,1309.185,No
0,No,33,0,6135,77,174,22,3,Month,Active,30,944.48,No
0,No,33,0,510,5,0,7,2,Month,Not_Active,25,23.175,No
0,No,34,0,345,5,1,4,2,Month,Not_Active,25,20.25,No
0,No,33,0,0,0,0,0,2,Month,Not_Active,25,0,Yes
0,No,33,0,7143,118,372,39,2,Month,Active,25,2000.745,No
0,No,33,0,11100,145,0,43,3,Month,Active,30,449.8,No
0,No,33,0,6353,66,96,33,2,Month,Active,25,720.855,No
15,No,29,0,590,38,4,13,2,Month,Not_Active,25,46.26,Yes
13,No,32,6,10070,84,0,38,4,Month,Active,45,253.85,No
5,Yes,32,0,5453,89,14,20,2,Month,Active,25,312.39,Yes
0,No,30,0,2475,13,0,10,3,Month,Active,30,99.52,No
1,Yes,31,0,2625,32,0,12,2,Month,Not_Active,25,119.565,Yes
1,No,32,0,1903,35,22,27,3,Month,Not_Active,30,165.52,Yes
0,Yes,32,0,0,0,0,0,2,Month,Not_Active,25,0,Yes
0,No,32,0,1303,16,0,2,3,Month,Active,30,52.76,No
0,No,29,0,6420,88,2,18,4,Month,Active,45,167.7,No
0,No,32,0,263,1,0,1,3,Month,Not_Active,30,10.56,Yes
0,No,32,0,0,0,0,0,4,Month,Active,45,0,No
17,No,27,1,15710,229,0,76,2,Month,Active,25,717.255,No
0,No,30,1,6600,107,259,29,2,Contract,Active,25,1467.315,No
0,No,32,0,3353,73,0,24,2,Month,Active,25,154.17,No
0,No,31,0,1300,35,26,16,3,Month,Not_Active,30,157.4,No
0,No,32,0,2415,44,163,19,2,Month,Active,25,844.155,No
0,No,23,0,950,27,181,7,2,Contract,Active,25,858.465,No
0,No,22,0,1203,30,18,64,4,Month,Active,45,75.825,No
3,No,23,0,335,16,0,3,2,Month,Not_Active,25,15.795,No
0,No,22,0,0,0,9,0,4,Month,Not_Active,45,22.5,No
2,No,21,0,860,23,7,9,2,Month,Active,25,71.235,No
0,No,21,0,2860,52,0,19,3,Month,Active,30,116.48,No
0,No,14,0,1330,17,16,10,2,Month,Active,25,132.615,No
8,No,13,0,6028,132,73,38,1,Contract,Active,15,740.3,No
4,No,11,0,8568,162,61,36,4,Month,Active,45,370.75,No
0,No,12,1,2488,36,19,15,3,Month,Active,30,176.96,No
0,No,5,0,4025,31,203,6,3,Month,Active,30,974.24,No
0,Yes,5,0,1123,10,0,3,2,Month,Not_Active,25,50.985,Yes
4,No,40,0,4145,67,8,19,2,Month,Active,25,225.54,No
0,No,41,0,93,1,10,6,2,Month,Not_Active,25,49.23,No
6,No,39,0,2228,56,362,26,2,Month,Active,25,1731.78,No
6,No,40,0,3973,62,4,37,2,Month,Active,25,199.575,No
0,No,40,0,2168,54,5,35,1,Month,Active,15,149.71,No
7,No,40,1,3550,78,35,30,3,Month,Active,30,285.12,No
0,No,40,0,2135,35,288,20,3,Month,Active,30,1238.8,No
9,No,39,2,8890,117,147,45,3,Month,Active,30,948.28,No
3,No,40,0,13548,165,3,46,3,Month,Active,30,560.52,No
3,No,40,1,4290,79,5,27,3,Month,Active,30,194.76,No
2,No,40,0,5693,91,10,14,2,Month,Active,25,305.28,No
5,No,40,0,2013,50,11,19,3,Month,Not_Active,30,126.52,No
21,No,40,3,14915,221,57,34,3,Month,Active,30,833.44,No
0,No,40,1,2870,23,486,10,3,Month,Active,30,2059.72,No
5,No,39,0,15260,178,153,32,2,Month,Active,25,1383.21,No
0,No,39,1,6275,82,189,28,3,Month,Active,30,1010.28,No
0,No,39,0,650,10,3,13,2,Month,Not_Active,25,43.2,No
0,No,40,0,485,10,16,10,2,Month,Not_Active,25,94.275,No
0,No,39,0,0,0,3,0,2,Month,Not_Active,25,13.5,Yes
0,No,39,0,7283,123,387,45,2,Month,Active,25,2074.77,No
3,No,39,1,11240,150,14,49,3,Month,Active,30,511.6,No
4,No,39,1,6493,71,111,39,2,Month,Active,25,794.88,No
19,No,35,0,730,43,19,19,2,Month,Not_Active,25,120.285,Yes
17,No,38,8,10210,89,4,44,4,Contract,Active,45,267.475,No
9,No,38,1,5593,94,29,26,2,Month,Active,25,386.415,Yes
0,No,36,0,2615,18,3,16,3,Month,Active,30,117.32,No
5,Yes,37,0,2765,37,12,18,2,Month,Not_Active,25,180.09,Yes
5,No,38,0,2043,40,37,33,3,Month,Not_Active,30,231.32,Yes
0,No,38,0,0,0,3,0,3,Month,Not_Active,30,12,Yes
0,No,38,0,1443,21,3,8,3,Month,Active,30,70.56,No
0,No,35,1,6560,93,17,24,4,Month,Active,45,208.825,No
0,Yes,38,0,403,3,12,6,4,Month,Not_Active,45,40.15,Yes
0,No,38,1,0,0,7,0,5,Month,Active,55,10.5,No
21,No,33,3,15850,234,3,82,2,Month,Active,25,737.28,No
2,No,36,3,6740,112,274,35,2,Contract,Active,25,1541.34,No
0,No,38,0,3493,78,5,30,2,Month,Active,25,183.195,No
0,No,37,0,1440,40,41,22,3,Month,Not_Active,30,223.2,No
2,No,38,0,2555,49,178,25,2,Month,Active,25,918.18,No
0,No,29,1,1090,32,196,13,2,Contract,Active,25,932.49,No
0,No,28,0,1343,35,33,70,4,Month,Active,45,116.95,No
7,No,29,0,475,21,13,9,2,Month,Not_Active,25,80.82,No
0,No,28,0,600,6,24,5,4,Month,Not_Active,45,75.15,No
6,No,27,0,1000,28,22,15,2,Month,Active,25,145.26,No
0,No,27,0,3000,57,11,25,3,Month,Active,30,166.28,No
0,No,20,0,1470,22,31,16,2,Month,Active,25,206.64,No
12,No,19,1,6168,137,88,44,1,Contract,Active,15,830.775,No
8,No,17,0,8708,167,76,42,4,Month,Active,45,411.875,No
4,No,18,3,2628,41,34,21,3,Month,Active,30,242.76,No
0,No,11,1,4165,36,218,12,3,Month,Active,30,1040.04,No
0,Yes,11,1,1263,15,3,9,3,Month,Active,30,63.12,Yes
2,No,32,0,3985,63,0,11,2,Month,Active,25,182.16,No
0,No,33,0,0,0,0,0,2,Month,Not_Active,25,0,No
4,No,31,0,2068,52,342,18,2,Month,Active,25,1634.4,No
4,No,32,0,3813,58,0,29,1,Month,Active,15,212.905,No
0,No,32,0,2008,50,0,27,1,Month,Active,15,113.19,No
5,No,32,0,3390,74,15,22,2,Month,Active,25,223.38,No
0,No,32,0,1975,31,268,12,3,Month,Active,30,1152.24,No
7,No,31,0,8730,113,127,37,3,Month,Active,30,861.72,No
1,No,32,0,13388,161,0,38,3,Month,Active,30,541.96,No
1,No,32,0,4130,75,0,19,3,Month,Active,30,168.2,No
0,No,32,0,5533,87,0,6,2,Month,Active,25,252.9,No
3,No,32,0,1853,46,0,11,3,Month,Not_Active,30,75.96,No
19,No,32,1,14755,217,37,26,3,Month,Active,30,746.88,No
0,No,32,0,2710,19,466,2,3,Month,Active,30,1973.16,No
3,No,31,0,15100,174,133,24,2,Month,Active,25,1285.83,No
0,No,31,0,6115,78,169,20,3,Month,Active,30,923.72,No
0,No,31,0,490,6,0,5,2,Month,Not_Active,25,22.32,No
0,No,32,0,325,6,0,2,2,Month,Not_Active,25,14.895,No
0,No,31,0,0,0,0,0,2,Month,Not_Active,25,0,Yes
0,No,31,0,7123,119,367,37,2,Month,Active,25,1977.39,No
1,No,31,0,11080,146,0,41,3,Month,Active,30,449.04,No
2,No,31,0,6333,67,91,31,2,Month,Active,25,697.5,No
17,No,27,0,570,39,0,11,2,Month,Not_Active,25,27.405,Yes
15,No,30,6,10050,85,0,36,4,Month,Active,45,253.375,No
7,No,30,0,5433,90,9,18,2,Month,Active,25,289.035,Yes
0,No,28,0,2455,14,0,8,3,Month,Active,30,98.76,No
3,Yes,29,0,2605,33,0,10,2,Month,Not_Active,25,118.71,Yes
3,No,30,0,1883,36,17,25,3,Month,Not_Active,30,144.76,Yes
0,No,30,0,0,0,0,0,2,Month,Not_Active,25,0,Yes
0,No,30,0,1283,17,0,5,3,Month,Active,30,52,No
0,No,27,0,6400,89,0,16,4,Month,Active,45,162.225,No
0,Yes,30,0,0,0,0,0,4,Month,Not_Active,45,0,Yes
0,No,30,0,0,0,0,0,4,Month,Active,45,0,No
19,No,25,1,15690,230,0,74,2,Month,Active,25,716.4,No
0,No,28,1,6580,108,254,27,2,Contract,Active,25,1443.96,No
0,No,30,0,3333,74,0,22,2,Month,Active,25,153.315,No
0,No,29,0,1280,36,21,14,3,Month,Not_Active,30,136.64,No
0,No,30,0,2395,45,158,17,2,Month,Active,25,820.8,No
0,No,21,0,930,28,176,5,2,Contract,Active,25,835.11,No
0,No,20,0,1183,31,13,62,4,Month,Active,45,62.85,No
5,No,21,0,315,17,0,1,2,Month,Not_Active,25,14.94,No
0,No,20,0,0,0,4,0,4,Month,Not_Active,45,10,No
4,No,19,0,840,24,2,7,2,Month,Active,25,47.88,No
0,No,19,0,2840,53,0,17,3,Month,Active,30,115.72,No
0,No,12,0,1310,18,11,8,2,Month,Active,25,109.26,No
10,No,11,0,6008,133,68,36,1,Contract,Active,15,711.755,No
6,No,9,0,8548,163,56,34,4,Month,Active,45,357.775,No
2,No,10,1,2468,37,14,13,3,Month,Active,30,156.2,No
0,No,3,0,4005,32,198,4,3,Month,Active,30,953.48,No
0,No,3,0,1103,11,0,1,2,Month,Active,25,50.13,Yes
8,No,42,0,4325,75,13,21,3,Month,Active,30,228,No
0,No,43,0,273,9,15,8,2,Month,Not_Active,25,80.19,No
10,No,41,0,2408,64,367,28,3,Month,Active,30,1566.88,No
10,No,42,0,4153,70,9,39,1,Month,Active,15,281.765,No
3,No,42,0,2348,62,10,37,1,Month,Active,15,187.55,No
11,No,42,1,3730,86,40,32,3,Month,Active,30,312.64,No
4,No,42,0,2315,43,293,22,3,Month,Active,30,1266.32,No
13,No,41,2,9070,125,152,47,3,Month,Active,30,975.8,No
7,No,42,0,13728,173,8,48,3,Month,Active,30,588.04,No
7,No,42,1,4470,87,10,29,3,Month,Active,30,222.28,No
6,No,42,0,5873,99,15,16,3,Month,Active,30,298.88,No
9,Yes,42,0,2193,58,16,21,3,Month,Not_Active,30,154.04,No
25,No,42,3,15095,229,62,36,3,Month,Active,30,860.96,No
4,No,42,1,3050,31,491,12,3,Month,Active,30,2087.24,No
9,No,41,0,15440,186,158,34,2,Month,Active,25,1414.17,No
3,No,41,1,6455,90,194,30,3,Month,Active,30,1037.8,No
0,No,41,0,830,18,8,15,2,Month,Not_Active,25,74.16,No
2,No,42,0,665,18,21,12,3,Month,Not_Active,30,111.32,No
0,No,41,0,0,0,8,0,2,Month,Not_Active,25,36,Yes
3,No,41,0,7463,131,392,47,2,Month,Active,25,2105.73,No
7,No,41,1,11420,158,19,51,4,Month,Active,45,336.95,No
8,No,41,1,6673,79,116,41,2,Month,Active,25,825.84,No
23,Yes,37,0,910,51,24,21,2,Month,Not_Active,25,151.245,Yes
21,Yes,40,8,10390,97,9,46,5,Contract,Active,55,170.805,No
13,No,40,1,5773,102,34,28,2,Month,Active,25,417.375,No
1,No,38,0,2795,26,8,18,3,Month,Active,30,144.84,No
9,Yes,39,0,2945,45,17,20,3,Month,Not_Active,30,187.6,Yes
9,No,40,0,2223,48,42,35,3,Month,Not_Active,30,258.84,Yes
0,No,40,0,88,6,8,6,3,Month,Not_Active,30,35.76,Yes
1,No,40,0,1623,29,8,10,3,Month,Active,30,98.08,No
3,No,37,1,6740,101,22,26,5,Month,Active,55,135.615,No
0,Yes,40,0,583,11,17,8,4,Month,Not_Active,45,57.35,Yes
0,No,40,1,293,8,12,6,5,Month,Active,55,22.515,No
25,No,35,3,16030,242,8,84,2,Month,Active,25,768.24,No
6,No,38,3,6920,120,279,37,2,Contract,Active,25,1572.3,No
2,No,40,0,3673,86,10,32,2,Month,Active,25,214.155,No
3,No,39,0,1620,48,46,24,3,Month,Not_Active,30,250.72,No
6,No,40,0,2735,57,183,27,2,Month,Active,25,949.14,No
4,No,31,1,1270,40,201,15,2,Contract,Active,25,963.45,No
4,No,30,0,1523,43,38,72,4,Month,Active,45,134.15,No
11,No,31,0,655,29,18,11,2,Month,Not_Active,25,111.78,No
0,No,30,0,780,14,29,7,4,Month,Not_Active,45,92.35,No
10,No,29,0,1180,36,27,17,2,Month,Active,25,176.22,No
2,No,29,0,3180,65,16,27,3,Month,Active,30,193.8,No
2,No,22,0,1650,30,36,18,2,Month,Active,25,237.6,No
16,No,21,1,6348,145,93,46,2,Contract,Active,25,710.685,No
12,No,19,0,8888,175,81,44,4,Month,Active,45,429.075,No
8,No,20,3,2808,49,39,23,3,Month,Active,30,270.28,No
2,No,13,1,4345,44,223,14,3,Month,Active,30,1067.56,No
3,No,13,1,1443,23,8,11,3,Month,Active,30,90.64,Yes
0,No,30,0,3805,55,0,9,2,Month,Active,25,173.7,No
0,No,31,0,0,0,0,0,2,Month,Not_Active,25,0,No
0,No,29,0,1888,44,337,16,2,Month,Active,25,1603.44,No
0,No,30,0,3633,50,0,27,1,Month,Active,15,202.565,No
0,No,30,0,1828,42,0,25,1,Month,Active,15,102.85,No
1,No,30,0,3210,66,10,20,2,Month,Active,25,192.42,No
0,No,30,0,1795,23,263,10,3,Month,Active,30,1124.72,No
3,No,29,0,8550,105,122,35,3,Month,Active,30,834.2,No
0,No,30,0,13208,153,0,36,3,Month,Active,30,534.44,No
0,No,30,0,3950,67,0,17,3,Month,Active,30,160.68,No
0,No,30,0,5353,79,0,4,2,Month,Active,25,244.44,No
0,No,30,0,1673,38,0,9,3,Month,Not_Active,30,68.44,No
15,No,30,1,14575,209,32,24,2,Month,Active,25,809.28,No
0,No,30,0,2530,11,461,7,3,Month,Active,30,1945.64,No
0,No,29,0,14920,166,128,22,2,Month,Active,25,1254.87,No
0,No,29,0,5935,70,164,18,3,Month,Active,30,896.2,No
0,No,29,0,0,0,0,0,2,Month,Not_Active,25,0,No
0,No,30,0,0,0,0,0,2,Month,Not_Active,25,0,No
0,No,29,0,0,0,0,0,2,Month,Not_Active,25,0,Yes
0,No,29,0,6943,111,362,35,2,Month,Active,25,1946.43,No
0,No,29,0,10900,138,0,39,3,Month,Active,30,441.52,No
0,No,29,0,6153,59,86,29,2,Month,Active,25,666.54,No
13,Yes,25,0,390,31,0,9,2,Month,Not_Active,25,18.945,Yes
11,No,28,6,9870,77,0,34,4,Contract,Active,45,248.675,No
3,No,28,0,5253,82,4,16,2,Month,Active,25,258.075,Yes
0,No,26,0,2275,6,0,6,3,Month,Active,30,91.24,No
0,Yes,27,0,2425,25,0,8,2,Month,Not_Active,25,110.25,Yes
0,Yes,28,0,1703,28,12,23,3,Month,Not_Active,30,117.24,Yes
0,No,28,0,0,0,0,0,2,Month,Not_Active,25,0,Yes
0,No,28,0,0,0,0,0,3,Month,Active,30,0,No
0,No,25,0,6220,81,0,14,4,Month,Active,45,157.525,No
0,No,28,0,0,0,0,0,3,Month,Not_Active,30,0,Yes
0,Yes,28,0,0,0,0,0,4,Month,Active,45,0,Yes
15,No,23,1,15510,222,0,72,2,Month,Active,25,707.94,No
0,No,26,1,6400,100,249,25,2,Contract,Active,25,1413,No
0,No,28,0,3153,66,0,20,2,Month,Active,25,144.855,No
0,No,27,0,1100,28,16,12,3,Month,Not_Active,30,109.12,No
0,No,28,0,2215,37,153,15,2,Month,Active,25,789.84,No
0,No,19,0,750,20,171,3,2,Contract,Active,25,804.15,No
0,No,18,0,1003,23,8,60,4,Month,Active,45,45.65,No
0,No,19,0,0,0,0,0,2,Month,Not_Active,25,0,No
0,No,18,0,0,0,0,0,4,Month,Not_Active,45,0,No
0,No,17,0,660,16,0,5,2,Month,Active,25,30.42,No
0,No,17,0,2660,45,0,15,3,Month,Active,30,108.2,No
0,No,10,0,1130,10,6,6,2,Month,Active,25,78.3,No
6,No,9,0,5828,125,63,34,1,Contract,Active,15,673.915,No
2,No,7,0,8368,155,51,32,4,Month,Active,45,340.575,No
0,No,8,1,2288,29,9,11,3,Month,Active,30,128.68,No
0,No,3,0,3825,24,193,2,2,Month,Active,25,1041.705,No
0,No,3,0,0,0,0,0,2,Month,Active,25,0,Yes
5,No,39,0,4245,73,9,20,2,Month,Active,25,234.81,No
0,No,40,0,193,7,11,7,2,Month,Not_Active,25,58.5,No
7,No,38,0,2328,62,363,27,2,Month,Active,25,1741.05,No
7,No,39,0,4073,68,5,38,1,Month,Active,15,255.255,No
0,No,39,0,2268,60,6,36,1,Month,Active,15,161.04,No
8,No,39,0,3650,84,36,31,2,Month,Active,25,330.03,No
1,No,39,0,2235,41,289,21,3,Month,Active,30,1247.04,No
10,No,38,1,8990,123,148,46,3,Month,Active,30,956.52,No
4,No,39,0,13648,171,4,47,3,Month,Active,30,568.76,No
4,No,39,0,4390,85,6,28,3,Month,Active,30,203,No
3,No,39,0,5793,97,11,15,2,Month,Active,25,314.55,No
6,No,39,0,2113,56,12,20,3,Month,Not_Active,30,134.76,No
22,No,39,2,15015,227,58,35,3,Month,Active,30,841.68,No
1,No,39,0,2970,29,487,11,3,Month,Active,30,2067.96,No
6,No,38,0,15360,184,154,33,2,Month,Active,25,1392.48,No
0,No,38,0,6375,88,190,29,3,Month,Active,30,1018.52,No
0,No,38,0,750,16,4,14,2,Month,Not_Active,25,52.47,No
0,No,39,0,585,16,17,11,2,Month,Not_Active,25,103.545,No
0,No,38,0,0,0,4,0,2,Month,Not_Active,25,18,Yes
0,No,38,0,7383,129,388,46,2,Month,Active,25,2084.04,No
4,No,38,0,11340,156,15,50,3,Month,Active,30,519.84,No
5,No,38,0,6593,77,112,40,2,Month,Active,25,804.15,No
20,Yes,34,0,830,49,20,20,2,Month,Not_Active,25,129.555,Yes
18,No,37,7,10310,95,5,45,4,Contract,Active,45,272.625,No
10,No,37,0,5693,100,30,27,2,Month,Active,25,395.685,Yes
0,No,35,0,2715,24,4,17,3,Month,Active,30,125.56,No
6,Yes,36,0,2865,43,13,19,2,Month,Not_Active,25,189.36,Yes
6,Yes,37,0,2143,46,38,34,3,Month,Not_Active,30,239.56,Yes
0,No,37,0,8,4,4,5,3,Month,Not_Active,30,16.48,Yes
0,No,37,0,1543,27,4,9,3,Month,Active,30,78.8,No
0,No,34,0,6660,99,18,25,4,Month,Active,45,213.975,No
0,Yes,37,0,503,9,13,7,4,Month,Not_Active,45,45.3,Yes
0,No,37,0,213,6,8,5,5,Month,Active,55,15.285,No
22,No,32,2,15950,240,4,83,2,Month,Active,25,746.55,No
3,No,35,2,6840,118,275,36,2,Contract,Active,25,1550.61,No
0,No,37,0,3593,84,6,31,2,Month,Active,25,192.465,No
0,No,36,0,1540,46,42,23,3,Month,Not_Active,30,231.44,No
3,No,37,0,2655,55,179,26,2,Month,Active,25,927.45,No
1,No,28,0,1190,38,197,14,2,Contract,Active,25,941.76,No
1,No,27,0,1443,41,34,71,4,Month,Active,45,122.1,No
8,No,28,0,575,27,14,10,2,Month,Not_Active,25,90.09,No
0,No,27,0,700,12,25,6,4,Month,Not_Active,45,80.3,No
7,No,26,0,1100,34,23,16,2,Month,Active,25,154.53,No
0,No,26,0,3100,63,12,26,3,Month,Active,30,174.52,No
0,No,19,0,1570,28,32,17,2,Month,Active,25,215.91,No
13,No,18,0,6268,143,89,45,1,Contract,Active,15,842.105,No
9,No,16,0,8808,173,77,43,4,Month,Active,45,417.025,No
5,No,17,2,2728,47,35,22,3,Month,Active,30,251,No
0,No,10,0,4265,42,219,13,3,Month,Active,30,1048.28,No
0,Yes,10,0,1363,21,4,10,2,Month,Active,25,80.28,Yes
1,No,33,0,3885,57,0,10,2,Month,Active,25,177.39,No
0,No,34,0,0,0,0,0,2,Month,Not_Active,25,0,No
3,No,32,0,1968,46,341,17,2,Month,Active,25,1625.13,No
3,No,33,0,3713,52,0,28,1,Month,Active,15,207.075,No
0,No,33,0,1908,44,0,26,1,Month,Active,15,107.36,No
4,No,33,0,3290,68,14,21,2,Month,Active,25,214.11,No
0,No,33,0,1875,25,267,11,3,Month,Active,30,1144,No
6,No,32,1,8630,107,126,36,3,Month,Active,30,853.48,No
0,No,33,0,13288,155,0,37,3,Month,Active,30,537.72,No
0,No,33,0,4030,69,0,18,3,Month,Active,30,163.96,No
0,No,33,0,5433,81,0,5,2,Month,Active,25,248.13,No
2,No,33,0,1753,40,0,10,3,Month,Not_Active,30,71.72,No
18,No,33,2,14655,211,36,25,3,Month,Active,30,738.64,No
0,No,33,0,2610,13,465,1,3,Month,Active,30,1964.92,No
2,No,32,0,15000,168,132,23,2,Month,Active,25,1276.56,No
0,No,32,0,6015,72,168,19,3,Month,Active,30,915.48,No
0,No,32,0,0,0,0,0,2,Month,Not_Active,25,0,No
0,No,33,0,0,0,0,0,2,Month,Not_Active,25,0,No
0,No,32,0,0,0,0,0,2,Month,Not_Active,25,0,Yes
0,No,32,0,7023,113,366,36,2,Month,Active,25,1968.12,No
0,No,32,0,10980,140,0,40,3,Month,Active,30,444.8,No
1,No,32,0,6233,61,90,30,2,Month,Active,25,688.23,No
16,No,28,0,470,33,0,10,2,Month,Not_Active,25,22.635,Yes
14,No,31,7,9950,79,0,35,4,Month,Active,45,250.725,No
6,Yes,31,0,5333,84,8,17,2,Month,Active,25,279.765,Yes
0,No,29,0,2355,8,0,7,3,Month,Active,30,94.52,No
2,Yes,30,0,2505,27,0,9,2,Month,Not_Active,25,113.94,Yes
2,No,31,0,1783,30,16,24,3,Month,Not_Active,30,136.52,Yes
0,No,31,0,0,0,0,0,3,Month,Not_Active,30,0,Yes
0,No,31,0,0,0,0,0,3,Month,Active,30,0,No
0,No,28,0,6300,83,0,15,4,Month,Active,45,159.575,No
0,No,31,0,0,0,0,0,4,Month,Not_Active,45,0,Yes
0,No,31,0,0,0,0,0,5,Month,Active,55,0,No
18,No,26,2,15590,224,0,73,2,Month,Active,25,711.63,No
0,No,29,2,6480,102,253,26,2,Contract,Active,25,1434.69,No
0,No,31,0,3233,68,0,21,2,Month,Active,25,148.545,No
0,No,30,0,1180,30,20,13,3,Month,Not_Active,30,128.4,No
0,No,31,0,2295,39,157,16,2,Month,Active,25,811.53,No
0,No,22,0,830,22,175,4,2,Contract,Active,25,825.84,No
0,No,21,0,1083,25,12,61,4,Month,Active,45,57.7,No
4,No,22,0,215,11,0,3,2,Month,Not_Active,25,10.17,No
0,No,21,0,0,0,3,0,4,Month,Not_Active,45,7.5,No
3,No,20,0,740,18,1,6,2,Month,Active,25,38.61,No
0,No,20,0,2740,47,0,16,3,Month,Active,30,111.48,No
0,No,13,0,1210,12,10,7,2,Month,Active,25,99.99,No
9,No,12,0,5908,127,67,35,1,Contract,Active,15,700.425,No
5,No,10,0,8448,157,55,33,4,Month,Active,45,352.625,No
1,No,11,2,2368,31,13,12,3,Month,Active,30,147.96,No
0,No,4,0,3905,26,197,3,3,Month,Active,30,945.24,No
0,No,4,0,1003,5,0,4,2,Month,Active,25,45.36,Yes
7,No,36,1,4665,75,19,30,2,Month,Active,25,298.8,No
0,No,37,0,613,9,21,17,2,Month,Not_Active,25,122.49,No
9,No,35,1,2748,64,373,37,2,Month,Active,25,1805.04,No
9,No,36,1,4493,70,15,48,1,Month,Active,15,333.465,No
2,No,36,1,2688,62,16,46,1,Month,Active,15,239.25,No
10,No,36,2,4070,86,46,41,3,Month,Active,30,350.24,No
3,No,36,1,2655,43,299,31,3,Month,Active,30,1303.92,No
12,No,35,3,9410,125,158,56,3,Month,Active,30,1013.4,No
6,No,36,1,14068,173,14,57,3,Month,Active,30,625.64,No
6,No,36,2,4810,87,16,38,3,Month,Active,30,259.88,No
5,No,36,1,6213,99,21,25,2,Month,Active,25,378.54,No
8,No,36,0,2533,58,22,30,3,Month,Not_Active,30,191.64,No
24,No,36,4,15435,229,68,45,3,Contract,Active,30,898.56,No
3,No,36,2,3390,31,497,21,3,Month,Active,30,2124.84,No
8,No,35,1,15780,186,164,43,2,Month,Active,25,1456.47,No
2,No,35,2,6795,90,200,39,3,Month,Active,30,1075.4,No
0,No,35,0,1170,18,14,24,2,Month,Not_Active,25,116.46,No
1,No,36,0,1005,18,27,21,2,Month,Not_Active,25,167.535,No
0,Yes,35,0,295,4,14,13,2,Month,Not_Active,25,76.455,Yes
2,No,35,1,7803,131,398,56,2,Month,Active,25,2148.03,No
6,No,35,2,11760,158,25,60,3,Month,Active,30,576.72,No
7,No,35,2,7013,79,122,50,2,Month,Active,25,868.14,No
22,No,31,0,1250,51,30,30,2,Month,Not_Active,25,193.545,Yes
20,No,34,9,10730,97,15,55,4,Month,Active,45,308.175,No
12,No,34,2,6113,102,40,37,2,Month,Active,25,459.675,No
0,No,32,1,3135,26,14,27,3,Month,Active,30,182.44,No
8,No,33,0,3285,45,23,29,2,Month,Not_Active,25,253.35,Yes
8,Yes,34,0,2563,48,48,44,3,Month,Not_Active,30,296.44,Yes
0,No,34,0,428,6,14,15,3,Month,Not_Active,30,73.36,Yes
0,No,34,1,1963,29,14,19,3,Month,Active,30,135.68,No
2,No,31,2,7080,101,28,35,4,Month,Active,45,249.525,No
0,No,34,0,923,11,23,17,4,Month,Not_Active,45,80.85,Yes
0,No,34,2,633,8,18,15,5,Month,Active,55,36.615,No
24,No,29,4,16370,242,14,93,2,Month,Active,25,810.54,No
5,No,32,4,7260,120,285,46,2,Contract,Active,25,1614.6,No
1,No,34,1,4013,86,16,41,2,Month,Active,25,256.455,No
2,Yes,33,0,1960,48,52,33,3,Month,Not_Active,30,288.32,Yes
5,No,34,1,3075,57,189,36,2,Month,Active,25,991.44,No
3,No,25,2,1610,40,207,24,2,Contract,Active,25,1005.75,No
3,No,24,1,1863,43,44,81,4,Month,Active,45,157.65,No
10,No,25,0,995,29,24,20,2,Month,Not_Active,25,154.08,No
0,No,24,0,1120,14,35,16,4,Month,Not_Active,45,115.85,No
9,No,23,1,1520,36,33,26,2,Month,Active,25,218.52,No
1,No,23,1,3520,65,22,36,3,Month,Active,30,231.4,No
1,No,16,1,1990,30,42,27,2,Month,Active,25,279.9,No
15,No,15,2,6688,145,99,55,1,Contract,Active,15,920.315,No
11,No,13,1,9228,175,87,53,4,Month,Active,45,452.575,No
7,No,14,4,3148,49,45,32,3,Month,Active,30,307.88,No
1,No,7,2,4685,44,229,23,3,Month,Active,30,1105.16,No
2,Yes,7,2,1783,23,14,20,3,Month,Active,30,128.24,Yes
0,No,36,0,3465,55,0,10,2,Month,Active,25,158.4,No
0,No,37,0,0,0,0,0,2,Month,Not_Active,25,0,No
1,No,35,0,1548,44,331,7,2,Month,Active,25,1561.14,No
1,No,36,0,3293,50,0,18,1,Month,Active,15,183.865,No
0,No,36,0,1488,42,0,16,1,Month,Active,15,84.15,No
2,No,36,0,2870,66,4,11,2,Month,Active,25,150.12,No
0,No,36,0,1455,23,257,1,3,Month,Active,30,1087.12,No
4,No,35,0,8210,105,116,26,3,Month,Active,30,796.6,No
0,No,36,0,12868,153,0,27,3,Month,Active,30,520.84,No
0,No,36,0,3610,67,0,8,3,Month,Active,30,147.08,No
0,No,36,0,5013,79,0,13,2,Month,Active,25,229.14,No
0,No,36,0,1333,38,0,4,3,Month,Not_Active,30,54.84,No
16,No,36,0,14235,209,26,15,3,Month,Active,30,681.76,No
0,No,36,0,2190,11,455,5,3,Month,Active,30,1908.04,No
0,No,35,0,14580,166,122,13,2,Month,Active,25,1212.57,No
0,No,35,0,5595,70,158,9,3,Month,Active,30,858.6,No
0,No,35,0,0,0,0,0,2,Month,Not_Active,25,0,No
0,No,36,0,0,0,0,0,2,Month,Not_Active,25,0,No
0,No,35,0,0,0,0,0,2,Month,Not_Active,25,0,Yes
0,No,35,0,6603,111,356,26,2,Month,Active,25,1904.13,No
0,No,35,0,10560,138,0,30,3,Month,Active,30,427.92,No
0,No,35,0,5813,59,80,20,2,Month,Active,25,624.24,No
7,No,31,0,50,2,0,1,2,Month,Not_Active,25,2.34,Yes
12,No,34,5,9530,77,0,25,4,Month,Active,45,240.175,No
4,No,34,0,4913,82,0,7,2,Month,Active,25,224.775,Yes
0,No,32,0,1935,6,0,2,3,Month,Active,30,77.64,No
0,No,33,0,2085,25,0,9,2,Month,Not_Active,25,94.95,Yes
0,Yes,34,0,1363,28,6,14,3,Month,Not_Active,30,79.64,Yes
0,No,34,0,0,0,0,0,2,Month,Not_Active,25,0,Yes
0,No,34,0,0,0,0,0,3,Month,Active,30,0,No
0,No,31,0,5880,81,0,5,4,Month,Active,45,149.025,No
0,Yes,34,0,0,0,0,0,4,Month,Not_Active,45,0,Yes
0,No,34,0,0,0,0,0,4,Month,Active,45,0,No
16,No,29,0,15170,222,0,63,2,Month,Active,25,692.64,No
0,No,32,0,6060,100,243,16,2,Contract,Active,25,1370.7,No
0,No,34,0,2813,66,0,11,2,Month,Active,25,129.555,No
0,No,33,0,760,28,10,3,3,Month,Not_Active,30,71.52,No
0,No,34,0,1875,37,147,6,2,Month,Active,25,747.54,No
0,No,25,0,1903,20,165,8,2,Contract,Active,25,829.035,No
0,No,24,0,663,23,2,51,4,Month,Active,45,22.15,No
0,No,25,0,0,0,0,0,2,Month,Not_Active,25,0,No
0,No,24,0,0,0,0,0,4,Month,Not_Active,45,0,No
0,No,23,0,0,0,0,0,2,Month,Active,25,0,No
0,No,23,0,2320,45,0,6,3,Month,Active,30,94.6,No
0,No,16,0,0,0,0,0,2,Month,Active,25,0,No
7,No,15,0,5488,125,57,25,1,Contract,Active,15,622.215,No
3,No,13,0,8028,155,45,23,4,Month,Active,45,317.075,No
0,No,14,0,1948,29,3,2,3,Month,Active,30,91.08,No
0,No,7,0,3485,24,187,21,3,Month,Active,30,888.36,No
0,No,7,0,0,0,0,0,2,Month,Active,25,0,Yes
3,No,37,0,4180,71,30,19,3,Month,Active,30,290.04,No
0,No,38,0,128,5,32,6,3,Month,Not_Active,30,133.32,No
5,No,36,0,2263,60,384,26,3,Month,Active,30,1628.92,No
5,No,37,0,4008,66,26,37,1,Month,Active,15,367.07,No
0,No,37,0,2203,58,27,35,2,Month,Active,25,223.245,No
6,No,37,1,3585,82,57,30,3,Month,Active,30,374.68,No
0,No,37,0,2170,39,310,20,3,Month,Active,30,1328.36,No
8,No,36,2,8925,121,169,45,3,Month,Active,30,1037.84,No
2,No,37,0,13583,169,25,46,3,Month,Active,30,650.08,No
2,No,37,1,4325,83,27,27,3,Month,Active,30,284.32,No
1,No,37,0,5728,95,32,14,3,Month,Active,30,360.92,No
4,No,37,0,2048,54,33,19,3,Month,Not_Active,30,216.08,No
20,No,37,3,14950,225,79,34,3,Month,Active,30,923,No
0,No,37,1,2905,27,508,10,3,Month,Active,30,2149.28,No
4,No,36,0,15295,182,175,32,2,Month,Active,25,1483.965,No
0,No,36,1,6310,86,211,28,3,Month,Active,30,1099.84,No
0,No,36,0,685,14,25,13,2,Month,Not_Active,25,143.955,No
0,No,37,0,520,14,38,10,3,Month,Not_Active,30,173.36,No
0,No,36,0,0,0,25,0,2,Month,Not_Active,25,112.5,Yes
0,No,36,0,7318,127,409,45,3,Month,Active,30,1933.8,No
2,No,36,1,11275,154,36,49,4,Month,Active,45,375.725,No
3,No,36,1,6528,75,133,39,2,Month,Active,25,895.635,No
18,No,32,0,765,47,41,19,3,Month,Not_Active,30,196.48,Yes
16,No,35,8,10245,93,26,44,5,Contract,Active,55,194.07,No
8,Yes,35,1,5628,98,51,26,2,Month,Active,25,487.17,Yes
0,No,33,0,2650,22,25,16,3,Month,Active,30,206.88,No
4,Yes,34,0,2800,41,34,18,3,Month,Not_Active,30,249.64,Yes
4,No,35,0,2078,44,59,33,3,Month,Not_Active,30,320.88,Yes
0,No,35,0,0,0,25,0,3,Month,Not_Active,30,100,Yes
0,No,35,0,1478,25,25,8,4,Month,Active,45,100.075,No
0,No,32,1,6595,97,39,24,5,Month,Active,55,158.88,No
0,No,35,0,438,7,34,6,4,Month,Not_Active,45,96.125,Yes
0,No,35,1,148,4,29,4,5,Month,Active,55,45.78,No
20,No,30,3,15885,238,25,82,2,Month,Active,25,838.035,No
1,No,33,3,6775,116,296,35,2,Contract,Active,25,1642.095,No
0,No,35,0,3528,82,27,30,3,Month,Active,30,252.4,No
0,No,34,0,1475,44,63,22,3,Month,Not_Active,30,312.76,No
1,No,35,0,2590,53,200,25,2,Month,Active,25,1018.935,No
0,No,26,1,1125,36,218,13,2,Contract,Active,25,1033.245,No
0,No,25,0,1378,39,55,70,4,Month,Active,45,172.925,No
6,No,26,0,510,25,35,9,3,Month,Not_Active,30,161.4,No
0,No,25,0,635,10,46,5,4,Month,Not_Active,45,131.125,No
5,No,24,0,1035,32,44,15,2,Month,Active,25,246.015,No
0,No,24,0,3035,61,33,25,3,Month,Active,30,255.84,No
0,No,17,0,1505,26,53,16,2,Month,Active,25,307.395,No
11,No,16,1,6203,141,110,44,2,Contract,Active,25,780.48,No
7,No,14,0,8743,171,98,42,5,Month,Active,55,280.71,No
3,No,15,3,2663,45,56,21,3,Month,Active,30,332.32,No
0,No,8,1,4200,40,240,12,3,Month,Active,30,1129.6,No
0,Yes,8,1,1298,19,25,9,3,Month,Active,30,152.68,Yes
3,No,35,0,3950,59,0,11,2,Month,Active,25,180.405,No
0,No,36,0,0,0,0,0,2,Month,Not_Active,25,0,No
5,No,34,0,2033,48,320,18,2,Month,Active,25,1533.645,No
5,No,35,0,3778,54,0,29,1,Month,Active,15,210.76,No
0,No,35,0,1973,46,0,27,1,Month,Active,15,111.045,No
6,No,35,0,3355,70,0,22,2,Month,Active,25,154.125,No
0,No,35,0,1940,27,246,12,3,Month,Active,30,1062.68,No
8,No,34,0,8695,109,105,37,3,Month,Active,30,772.16,No
2,No,35,0,13353,157,0,38,3,Month,Active,30,540.4,No
2,No,35,0,4095,71,0,19,3,Month,Active,30,166.64,No
1,No,35,0,5498,83,0,6,2,Month,Active,25,251.145,No
4,No,35,0,1818,42,0,11,3,Month,Not_Active,30,74.4,No
20,No,35,1,14720,213,15,26,2,Month,Active,25,739.485,No
0,No,35,0,2675,15,444,2,3,Month,Active,30,1883.6,No
4,No,34,0,15065,170,111,24,2,Month,Active,25,1185.075,No
0,No,34,0,6080,74,147,20,3,Month,Active,30,834.16,No
0,No,34,0,455,2,0,5,2,Month,Not_Active,25,20.565,No
0,No,35,0,290,2,0,2,2,Month,Not_Active,25,13.14,No
0,No,34,0,0,0,0,0,2,Month,Not_Active,25,0,Yes
0,No,34,0,7088,115,345,37,2,Month,Active,25,1876.635,No
2,No,34,0,11045,142,0,41,3,Month,Active,30,447.48,No
3,No,34,0,6298,63,69,31,2,Month,Active,25,596.745,No
18,No,30,0,535,35,0,11,2,Month,Not_Active,25,25.65,Yes
16,No,33,6,10015,81,0,36,4,Month,Active,45,252.4,No
8,No,33,0,5398,86,0,18,2,Month,Active,25,246.78,Yes
0,No,31,0,2420,10,0,8,3,Month,Active,30,97.2,No
4,Yes,32,0,2570,29,0,10,2,Month,Not_Active,25,116.955,Yes
4,No,33,0,1848,32,0,25,3,Month,Not_Active,30,75.2,Yes
0,No,33,0,0,0,0,0,2,Month,Not_Active,25,0,Yes
0,No,33,0,1248,13,0,3,3,Month,Active,30,50.44,No
0,No,30,0,6365,85,0,16,4,Month,Active,45,161.25,No
0,No,33,0,0,0,0,0,3,Month,Not_Active,30,0,Yes
0,No,33,0,0,0,0,0,4,Month,Active,45,0,No
20,No,28,1,15655,226,0,74,2,Month,Active,25,714.645,No
1,No,31,1,6545,104,232,27,2,Contract,Active,25,1343.205,No
0,No,33,0,3298,70,0,22,2,Month,Active,25,151.56,No
0,No,32,0,1245,32,0,14,3,Month,Not_Active,30,51.08,No
1,No,33,0,2360,41,136,17,2,Month,Active,25,720.045,No
0,No,24,0,895,24,154,5,2,Contract,Active,25,734.355,No
0,No,23,0,1148,27,0,62,4,Month,Active,45,29.375,No
6,No,24,0,280,13,0,1,2,Month,Not_Active,25,13.185,No
0,No,23,0,0,0,0,0,4,Month,Not_Active,45,0,No
5,No,22,0,805,20,0,7,1,Month,Active,15,45.375,No
0,No,22,0,2805,49,0,17,3,Month,Active,30,114.16,No
0,No,15,0,1275,14,0,8,2,Month,Active,25,58.005,No
11,No,14,0,5973,129,46,36,1,Contract,Active,15,588.61,No
7,No,12,0,8513,159,34,34,4,Month,Active,45,301.8,No
3,No,13,1,2433,33,0,13,3,Month,Active,30,98.64,No
0,No,6,0,3970,28,176,4,2,Month,Active,25,971.91,No
0,Yes,6,0,1068,7,0,1,2,Month,Active,25,48.375,Yes
5,No,36,0,4255,66,7,18,2,Month,Active,25,225.945,No
0,No,37,0,0,0,9,0,2,Month,Not_Active,25,40.5,No
7,No,35,0,2338,55,361,25,2,Month,Active,25,1732.185,No
7,No,36,0,4083,61,3,36,1,Month,Active,15,244.42,No
0,No,36,0,2278,53,4,34,1,Month,Active,15,150.205,No
8,No,36,0,3660,77,34,29,2,Month,Active,25,321.165,No
1,No,36,0,2245,34,287,19,3,Month,Active,30,1239.16,No
10,No,35,1,9000,116,146,44,3,Month,Active,30,948.64,No
4,No,36,0,13658,164,2,45,3,Month,Active,30,560.88,No
4,No,36,0,4400,78,4,26,3,Month,Active,30,195.12,No
3,No,36,0,5803,90,9,13,2,Month,Active,25,305.685,No
6,Yes,36,0,2123,49,10,18,3,Month,Not_Active,30,126.88,No
22,No,36,2,15025,220,56,33,3,Month,Active,30,833.8,No
1,No,36,0,2980,22,485,9,3,Month,Active,30,2060.08,No
6,No,35,0,15370,177,152,31,2,Month,Active,25,1383.615,No
0,No,35,0,6385,81,188,27,3,Month,Active,30,1010.64,No
0,No,35,0,760,9,2,12,2,Month,Not_Active,25,43.605,No
0,No,36,0,595,9,15,9,2,Month,Not_Active,25,94.68,No
0,No,35,0,0,0,2,0,2,Month,Not_Active,25,9,Yes
0,No,35,0,7393,122,386,44,2,Month,Active,25,2075.175,No
4,No,35,0,11350,149,13,48,3,Month,Active,30,511.96,No
5,No,35,0,6603,70,110,38,2,Month,Active,25,795.285,No
20,No,31,0,840,42,18,18,2,Month,Not_Active,25,120.69,Yes
18,No,34,7,10320,88,3,43,4,Month,Active,45,267.7,No
10,No,34,0,5703,93,28,25,2,Month,Active,25,386.82,Yes
0,No,32,0,2725,17,2,15,3,Month,Active,30,117.68,No
6,No,33,0,2875,36,11,17,2,Month,Not_Active,25,180.495,Yes
6,Yes,34,0,2153,39,36,32,3,Month,Not_Active,30,231.68,Yes
0,No,34,0,0,0,2,0,3,Month,Not_Active,30,8,Yes
0,No,34,0,1553,20,2,7,3,Month,Active,30,70.92,No
0,No,31,0,6670,92,16,23,4,Month,Active,45,209.05,No
0,No,34,0,513,2,11,5,4,Month,Not_Active,45,40.375,Yes
0,No,34,0,0,0,6,0,5,Month,Active,55,9,No
22,No,29,2,15960,233,2,81,2,Month,Active,25,737.685,No
3,No,32,2,6850,111,273,34,2,Contract,Active,25,1541.745,No
0,No,34,0,3603,77,4,29,2,Month,Active,25,183.6,No
0,No,33,0,1550,39,40,21,3,Month,Not_Active,30,223.56,No
3,No,34,0,2665,48,177,24,2,Month,Active,25,918.585,No
1,No,25,0,1200,31,195,12,2,Contract,Active,25,932.895,No
1,No,24,0,1453,34,32,69,4,Month,Active,45,117.175,No
8,No,25,0,585,20,12,8,2,Month,Not_Active,25,81.225,No
0,No,24,0,710,5,23,4,4,Month,Not_Active,45,75.375,No
7,No,23,0,1110,27,21,14,2,Month,Active,25,145.665,No
0,No,23,0,3110,56,10,24,3,Month,Active,30,166.64,No
0,No,16,0,1580,21,30,15,2,Month,Active,25,207.045,No
13,No,15,0,6277,136,87,43,1,Contract,Active,15,831.215,No
9,No,13,0,8817,166,75,41,4,Month,Active,45,412.075,No
5,No,14,2,2737,40,33,20,3,Month,Active,30,243.08,No
0,No,7,0,4275,35,217,11,3,Month,Active,30,1040.4,No
0,Yes,7,0,1372,14,2,8,2,Month,Active,25,71.37,Yes
1,No,36,0,3875,64,0,12,2,Month,Active,25,177.255,No
0,No,37,0,0,0,0,0,2,Month,Not_Active,25,0,No
3,No,35,0,1958,53,343,19,2,Month,Active,25,1633.995,No
3,No,36,0,3703,59,0,30,2,Month,Active,25,169.29,No
0,No,36,0,1898,51,0,28,1,Month,Active,15,107.195,No
4,No,36,0,3280,75,16,23,2,Month,Active,25,222.975,No
0,No,36,0,1865,32,269,13,3,Month,Active,30,1151.88,No
6,No,35,1,8620,114,128,38,3,Month,Active,30,861.36,No
0,No,36,0,13278,162,0,39,3,Month,Active,30,537.6,No
0,No,36,0,4020,76,0,20,3,Month,Active,30,163.84,No
0,No,36,0,5423,88,0,7,2,Month,Active,25,247.995,No
2,No,36,0,1743,47,0,12,3,Month,Not_Active,30,71.6,No
18,No,36,2,14645,218,38,27,3,Month,Active,30,746.52,No
0,No,36,0,2600,20,467,3,3,Month,Active,30,1972.8,No
2,No,35,0,14990,175,134,25,2,Month,Active,25,1285.425,No
0,No,35,0,6005,79,170,21,3,Month,Active,30,923.36,No
0,No,35,0,380,7,0,6,2,Month,Not_Active,25,17.415,No
0,No,36,0,215,7,0,3,2,Month,Not_Active,25,9.99,No
0,No,35,0,0,0,0,0,2,Month,Not_Active,25,0,Yes
0,No,35,0,7013,120,368,38,2,Month,Active,25,1976.985,No
0,No,35,0,10970,147,0,42,3,Month,Active,30,444.68,No
1,No,35,0,6223,68,92,32,2,Month,Active,25,697.095,No
16,Yes,31,0,460,40,0,12,2,Month,Not_Active,25,22.5,Yes
14,No,34,7,9940,86,0,37,4,Month,Active,45,250.65,No
6,No,34,0,5323,91,10,19,2,Month,Active,25,288.63,Yes
0,No,32,0,2345,15,0,9,3,Month,Active,30,94.4,No
2,Yes,33,0,2495,34,0,11,2,Month,Not_Active,25,113.805,Yes
2,No,34,0,1773,37,18,26,3,Month,Not_Active,30,144.4,Yes
0,No,34,0,0,0,0,0,3,Month,Not_Active,30,0,Yes
0,No,34,0,1173,18,0,1,3,Month,Active,30,47.64,No
0,No,31,0,6290,90,0,17,4,Month,Active,45,159.5,No
0,No,34,0,0,0,0,0,4,Month,Not_Active,45,0,Yes
0,No,34,0,0,0,0,0,5,Month,Active,55,0,No
18,No,29,2,15580,231,0,75,2,Month,Active,25,711.495,No
0,No,32,2,6470,109,255,28,2,Contract,Active,25,1443.555,No
0,No,34,0,3223,75,0,23,2,Month,Active,25,148.41,No
0,No,33,0,1170,37,22,15,3,Month,Not_Active,30,136.28,No
0,No,34,0,2285,46,159,18,2,Month,Active,25,820.395,No
0,No,25,0,820,29,177,6,2,Contract,Active,25,834.705,No
0,No,24,0,1073,32,14,63,4,Month,Active,45,62.625,No
4,No,25,0,205,18,0,2,2,Month,Not_Active,25,10.035,No
0,No,24,0,0,0,5,0,4,Month,Not_Active,45,12.5,No
3,No,23,0,730,25,3,8,2,Month,Active,25,47.475,No
0,No,23,0,2730,54,0,18,3,Month,Active,30,111.36,No
0,No,16,0,1200,19,12,9,2,Month,Active,25,108.855,No
9,No,15,0,5897,134,69,37,1,Contract,Active,15,711.205,No
5,No,13,0,8437,164,57,35,4,Month,Active,45,357.525,No
1,No,14,2,2357,38,15,14,3,Month,Active,30,155.8,No
0,No,7,0,3895,33,199,5,3,Month,Active,30,953.12,No
0,No,7,0,992,12,0,2,2,Month,Active,25,45.18,Yes
1,No,31,0,4065,59,0,14,2,Month,Active,25,185.58,No
0,No,32,0,0,0,0,0,2,Month,Not_Active,25,0,No
3,No,30,0,2148,48,344,21,2,Month,Active,25,1646.82,No
3,No,31,0,3893,54,0,32,1,Month,Active,15,217.085,No
0,No,31,0,2088,46,0,30,1,Month,Active,15,117.37,No
4,No,31,0,3470,70,17,25,2,Month,Active,25,235.8,No
0,No,31,0,2055,27,270,15,3,Month,Active,30,1163.28,No
6,No,30,0,8810,109,129,40,3,Month,Active,30,872.76,No
0,No,31,0,13468,157,0,41,3,Month,Active,30,545,No
0,No,31,0,4210,71,0,22,3,Month,Active,30,171.24,No
0,No,31,0,5613,83,0,9,2,Month,Active,25,256.32,No
2,No,31,0,1933,42,0,14,3,Month,Not_Active,30,79,No
18,No,31,1,14835,213,39,29,2,Month,Active,25,852.66,No
0,No,31,0,2790,15,468,5,3,Month,Active,30,1984.2,No
2,No,30,0,15180,170,135,27,2,Month,Active,25,1298.25,No
0,No,30,0,6195,74,171,23,3,Month,Active,30,934.76,No
0,No,30,0,570,2,0,8,2,Month,Not_Active,25,25.74,No
0,No,31,0,405,2,0,5,2,Month,Not_Active,25,18.315,No
0,No,30,0,0,0,0,0,2,Month,Not_Active,25,0,Yes
0,No,30,0,7203,115,369,40,2,Month,Active,25,1989.81,No
0,No,30,0,11160,142,0,44,3,Month,Active,30,452.08,No
1,No,30,0,6413,63,93,34,2,Month,Active,25,709.92,No
16,No,26,0,650,35,1,14,2,Month,Not_Active,25,35.325,Yes
14,No,29,6,10130,81,0,39,4,Month,Active,45,255.275,No
6,No,29,0,5513,86,11,21,2,Month,Active,25,301.455,Yes
0,No,27,0,2535,10,0,11,3,Month,Active,30,101.8,No
2,No,28,0,2685,29,0,13,2,Month,Not_Active,25,122.13,Yes
2,No,29,0,1963,32,19,28,3,Month,Not_Active,30,155.8,Yes
0,No,29,0,0,0,0,0,2,Month,Not_Active,25,0,Yes
0,No,29,0,1363,13,0,3,3,Month,Active,30,55.04,No
0,No,26,0,6480,85,0,19,4,Month,Active,45,164.125,No
0,No,29,0,0,0,0,0,3,Month,Not_Active,30,0,Yes
0,No,29,0,0,0,0,0,4,Month,Active,45,0,No
18,No,24,1,15770,226,0,77,2,Month,Active,25,719.82,No
0,No,27,1,6660,104,256,30,2,Contract,Active,25,1456.38,No
0,No,29,0,3413,70,0,25,2,Month,Active,25,156.735,No
0,No,28,0,1360,32,23,17,3,Month,Not_Active,30,147.68,No
0,No,29,0,2475,41,160,20,2,Month,Active,25,833.22,No
0,No,20,0,1010,24,178,8,2,Contract,Active,25,847.53,No
0,No,19,0,1263,27,15,65,4,Month,Active,45,69.75,No
4,No,20,0,395,13,0,4,2,Month,Not_Active,25,18.36,No
0,No,19,0,520,4,6,2,4,Month,Not_Active,45,28.1,No
3,No,18,0,920,20,4,10,1,Month,Active,15,73.7,No
0,No,18,0,2920,49,0,20,3,Month,Active,30,118.76,No
0,No,11,0,1390,14,13,11,2,Month,Active,25,121.68,No
9,No,10,0,6087,129,70,39,1,Contract,Active,15,726.88,No
5,No,8,0,8627,159,58,37,4,Month,Active,45,364.65,No
1,No,9,1,2547,33,16,16,3,Month,Active,30,167.2,No
0,No,3,0,4085,28,200,7,2,Month,Active,25,1085.085,No
0,No,3,0,1182,7,0,4,2,Month,Active,25,53.505,Yes
5,No,41,0,4065,71,6,16,3,Month,Active,30,189.44,No
0,No,42,0,13,5,8,3,3,Month,Not_Active,30,32.72,No
7,No,40,0,2148,60,360,23,3,Month,Active,30,1528.32,No
7,No,41,0,3893,66,2,34,1,Month,Active,15,228.745,No
0,No,41,0,2088,58,3,32,2,Month,Active,25,110.07,No
8,No,41,1,3470,82,33,27,3,Month,Active,30,274.08,No
1,No,41,0,2055,39,286,17,3,Month,Active,30,1227.76,No
10,No,40,2,8810,121,145,42,3,Month,Active,30,937.24,No
4,No,41,0,13468,169,1,43,3,Month,Active,30,549.48,No
4,No,41,1,4210,83,3,24,3,Month,Active,30,183.72,No
3,No,41,0,5613,95,8,11,3,Month,Active,30,260.32,No
6,No,41,0,1933,54,9,16,3,Month,Not_Active,30,115.48,No
22,No,41,3,14835,225,55,31,3,Month,Active,30,822.4,No
1,No,41,1,2790,27,484,7,3,Month,Active,30,2048.68,No
6,No,40,0,15180,182,151,29,2,Month,Active,25,1370.79,No
0,No,40,1,6195,86,187,25,3,Month,Active,30,999.24,No
0,No,40,0,570,14,1,10,2,Month,Not_Active,25,30.78,No
0,No,41,0,405,14,14,7,3,Month,Not_Active,30,72.76,No
0,No,40,0,0,0,1,0,2,Month,Not_Active,25,4.5,Yes
0,No,40,0,7203,127,385,42,3,Month,Active,30,1833.2,No
4,No,40,1,11160,154,12,46,4,Month,Active,45,312.85,No
5,No,40,1,6413,75,109,36,2,Month,Active,25,782.46,No
20,No,36,0,650,47,17,16,3,Month,Not_Active,30,95.88,Yes
18,No,39,8,10130,93,2,41,5,Month,Active,55,156.345,No
10,No,39,1,5513,98,27,23,2,Month,Active,25,373.995,Yes
0,No,37,0,2535,22,1,13,3,Month,Active,30,106.28,No
6,Yes,38,0,2685,41,10,15,3,Month,Not_Active,30,149.04,Yes
6,No,39,0,1963,44,35,30,3,Month,Not_Active,30,220.28,Yes
0,No,39,0,0,0,1,0,3,Month,Not_Active,30,4,Yes
0,No,39,0,1363,25,1,5,4,Month,Active,45,37.2,No
0,No,36,1,6480,97,15,21,5,Month,Active,55,121.155,No
0,No,39,0,323,7,10,3,4,Month,Not_Active,45,33.25,Yes
0,No,39,1,33,4,5,1,5,Month,Active,55,8.055,No
22,No,34,3,15770,238,1,79,2,Month,Active,25,724.86,No
3,No,37,3,6660,116,272,32,2,Contract,Active,25,1528.92,No
0,No,39,0,3413,82,3,27,3,Month,Active,30,151.8,No
0,No,38,0,1360,44,39,19,3,Month,Not_Active,30,212.16,No
3,No,39,0,2475,53,176,22,2,Month,Active,25,905.76,No
1,No,30,1,1010,36,194,10,2,Contract,Active,25,920.07,No
1,No,29,0,1263,39,31,67,4,Month,Active,45,110.05,No
8,No,30,0,395,25,11,6,3,Month,Not_Active,30,60.8,No
0,No,29,0,520,10,22,2,4,Month,Not_Active,45,68.25,No
7,No,28,0,920,32,20,12,2,Month,Active,25,132.84,No
0,No,28,0,2920,61,9,22,3,Month,Active,30,155.24,No
0,No,21,0,1390,26,29,13,2,Month,Active,25,194.22,No
13,No,20,1,6087,141,86,41,2,Contract,Active,25,667.26,No
9,No,18,0,8627,171,74,39,5,Month,Active,55,242.97,No
5,No,19,3,2547,45,32,18,3,Month,Active,30,231.68,No
0,No,12,1,4085,40,216,9,3,Month,Active,30,1029,No
0,No,12,1,1182,19,1,6,3,Month,Active,30,52.04,Yes
9,No,37,0,4775,76,23,15,2,Month,Active,25,321.795,No
1,No,38,0,723,10,8,2,2,Month,Not_Active,25,68.985,No
11,No,36,0,2858,65,360,22,2,Month,Active,25,1751.535,No
11,No,37,0,4603,71,2,33,1,Month,Active,15,268.07,No
4,No,37,0,2798,63,3,31,1,Month,Active,15,173.855,No
12,No,37,1,4180,87,33,26,3,Month,Active,30,302.68,No
5,No,37,0,2765,44,286,16,3,Month,Active,30,1256.36,No
14,No,36,2,9520,126,145,41,3,Month,Active,30,965.84,No
8,No,37,0,14178,174,1,42,3,Month,Active,30,578.08,No
8,No,37,1,4920,88,3,23,3,Month,Active,30,212.32,No
7,No,37,0,6323,100,8,10,2,Month,Active,25,325.035,No
10,No,37,0,2643,59,9,15,3,Month,Not_Active,30,144.08,No
26,Yes,37,3,15545,230,55,30,3,Month,Active,30,851,No
5,No,37,1,3500,32,484,6,3,Month,Active,30,2077.28,No
10,No,36,0,15890,187,151,28,2,Month,Active,25,1402.965,No
4,No,36,1,6905,91,187,24,3,Month,Active,30,1027.84,No
1,No,36,0,1280,19,1,9,2,Month,Not_Active,25,62.955,No
3,No,37,0,1115,19,14,6,2,Month,Not_Active,25,114.03,No
0,No,36,0,0,0,1,0,2,Month,Not_Active,25,4.5,Yes
4,No,36,0,7913,132,385,41,2,Month,Active,25,2094.525,No
8,No,36,1,11870,159,12,45,3,Month,Active,30,529.16,No
9,No,36,1,7123,80,109,35,2,Month,Active,25,814.635,No
24,No,32,0,1360,52,17,15,2,Month,Not_Active,25,140.04,Yes
22,No,35,8,10840,98,2,40,4,Month,Active,45,278.45,No
14,No,35,1,6223,103,27,22,2,Month,Active,25,406.17,No
2,No,33,0,3245,27,1,12,3,Month,Active,30,134.88,No
10,No,34,0,3395,46,10,14,3,Month,Not_Active,30,177.64,Yes
10,Yes,35,0,2673,49,35,29,3,Month,Not_Active,30,248.88,Yes
1,No,35,0,538,7,1,1,3,Month,Not_Active,30,25.8,Yes
2,No,35,0,2073,30,1,4,3,Month,Active,30,88.12,No
4,No,32,1,7190,102,15,20,4,Month,Active,45,219.8,No
1,No,35,0,1033,12,10,2,4,Month,Not_Active,45,51.125,Yes
1,No,35,1,743,9,5,1,5,Month,Active,55,18.78,No
26,No,30,3,16480,243,1,78,2,Month,Active,25,757.035,No
7,No,33,3,7370,121,272,31,2,Contract,Active,25,1561.095,No
3,No,35,0,4123,87,3,26,2,Month,Active,25,202.95,No
4,No,34,0,2070,49,39,18,3,Month,Not_Active,30,240.76,No
7,No,35,0,3185,58,176,21,2,Month,Active,25,937.935,No
5,No,26,1,1720,41,194,9,2,Contract,Active,25,952.245,No
5,No,25,0,1973,44,31,66,4,Month,Active,45,127.925,No
12,No,26,0,1105,30,11,5,2,Month,Not_Active,25,100.575,No
1,No,25,0,1230,15,22,1,4,Month,Not_Active,45,86.125,No
11,No,24,0,1630,37,20,11,2,Month,Active,25,165.015,No
3,No,24,0,3630,66,9,21,3,Month,Active,30,183.84,No
3,No,17,0,2100,31,29,12,2,Month,Active,25,226.395,No
17,No,16,1,6797,146,86,40,1,Contract,Active,15,854.865,No
13,No,14,0,9337,176,74,38,4,Month,Active,45,422.825,No
9,No,15,3,3257,50,32,17,3,Month,Active,30,260.28,No
3,No,8,1,4795,45,216,8,3,Month,Active,30,1057.6,No
4,No,8,1,1892,24,1,5,3,Month,Active,30,80.64,Yes
0,No,35,0,3355,54,0,15,2,Month,Active,25,153.405,No
0,No,36,0,0,0,0,0,2,Month,Not_Active,25,0,No
0,No,34,0,1438,43,327,22,2,Month,Active,25,1538.145,No
0,No,35,0,3183,49,0,33,1,Month,Active,15,177.76,No
0,No,35,0,1378,41,0,31,1,Month,Active,15,78.045,No
0,No,35,0,2760,65,0,26,2,Month,Active,25,127.125,No
0,No,35,0,1345,22,253,16,3,Month,Active,30,1066.68,No
2,No,34,0,8100,104,112,41,3,Month,Active,30,776.16,No
0,No,35,0,12758,152,0,42,3,Month,Active,30,516.4,No
0,No,35,0,3500,66,0,23,3,Month,Active,30,142.64,No
0,No,35,0,4903,78,0,10,2,Month,Active,25,224.145,No
0,No,35,0,1223,37,0,15,3,Month,Not_Active,30,50.4,No
14,No,35,1,14125,208,22,30,2,Month,Active,25,743.985,No
0,No,35,0,2080,10,451,6,3,Month,Active,30,1887.6,No
0,No,34,0,14470,165,118,28,2,Month,Active,25,1189.575,No
0,No,34,0,5485,69,154,24,3,Month,Active,30,838.16,No
0,No,34,0,0,0,0,0,2,Month,Not_Active,25,0,No
0,No,35,0,0,0,0,0,2,Month,Not_Active,25,0,No
0,No,34,0,0,0,0,0,2,Month,Not_Active,25,0,Yes
0,No,34,0,6493,110,352,41,2,Month,Active,25,1881.135,No
0,No,34,0,10450,137,0,45,3,Month,Active,30,423.48,No
0,No,34,0,5703,58,76,35,2,Month,Active,25,601.245,No
0,Yes,30,0,0,0,0,0,2,Month,Not_Active,25,0,Yes
10,No,33,6,9420,76,0,40,4,Month,Active,45,237.4,No
2,Yes,33,0,4803,81,0,22,2,Month,Active,25,219.78,Yes
0,No,31,0,1825,5,0,12,3,Month,Active,30,73.2,No
0,No,32,0,1975,24,0,14,2,Month,Not_Active,25,89.955,Yes
0,No,33,0,1253,27,2,29,3,Month,Not_Active,30,59.2,Yes
0,Yes,33,0,0,0,0,0,2,Month,Not_Active,25,0,Yes
0,No,33,0,653,8,0,4,3,Month,Active,30,26.44,No
0,No,30,0,5770,80,0,20,4,Month,Active,45,146.25,No
0,No,33,0,0,0,0,0,3,Month,Not_Active,30,0,Yes
0,No,33,0,0,0,0,0,4,Month,Active,45,0,No
14,No,28,1,15060,221,0,78,2,Month,Active,25,687.645,No
0,No,31,1,5950,99,239,31,2,Contract,Active,25,1347.705,No
0,No,33,0,2703,65,0,26,2,Month,Active,25,124.56,No
0,No,32,0,650,27,6,18,3,Month,Not_Active,30,51.08,No
0,No,33,0,1765,36,143,21,2,Month,Active,25,724.545,No
0,No,24,0,300,19,161,9,2,Contract,Active,25,738.855,No
0,No,23,0,553,22,0,66,4,Month,Active,45,14.375,No
0,No,24,0,0,0,0,0,2,Month,Not_Active,25,0,No
0,No,23,0,0,0,0,0,4,Month,Not_Active,45,0,No
0,No,22,0,210,15,0,11,2,Month,Active,25,10.125,No
0,No,22,0,2210,44,0,21,3,Month,Active,30,90.16,No
0,No,15,0,680,9,0,12,2,Month,Active,25,31.005,No
5,No,14,0,5377,124,53,40,1,Contract,Active,15,594.055,No
1,No,12,0,7917,154,41,38,4,Month,Active,45,304.275,No
0,No,13,1,1837,28,0,17,3,Month,Active,30,74.6,No
0,No,6,0,3375,23,183,8,3,Month,Active,30,867.92,No
0,No,6,0,472,2,0,5,2,Month,Active,25,21.33,Yes
3,No,36,0,4065,65,0,15,2,Month,Active,25,185.85,No
0,No,37,0,0,0,0,0,2,Month,Not_Active,25,0,No
5,No,35,0,2148,54,352,22,2,Month,Active,25,1683.09,No
5,No,36,0,3893,60,0,33,1,Month,Active,15,217.415,No
0,No,36,0,2088,52,0,31,1,Month,Active,15,117.7,No
6,No,36,0,3470,76,25,26,2,Month,Active,25,272.07,No
0,No,36,0,2055,33,278,16,3,Month,Active,30,1195.52,No
8,No,35,1,8810,115,137,41,3,Month,Active,30,905,No
2,No,36,0,13468,163,0,42,3,Month,Active,30,545.24,No
2,No,36,0,4210,77,0,23,3,Month,Active,30,171.48,No
1,No,36,0,5613,89,0,10,2,Month,Active,25,256.59,No
4,No,36,0,1933,48,1,15,3,Month,Not_Active,30,83.24,No
20,No,36,2,14835,219,47,30,3,Month,Active,30,790.16,No
0,No,36,0,2790,21,476,6,3,Month,Active,30,2016.44,No
4,No,35,0,15180,176,143,28,2,Month,Active,25,1334.52,No
0,No,35,0,6195,80,179,24,3,Month,Active,30,967,No
0,No,35,0,570,8,0,9,2,Month,Not_Active,25,26.01,No
0,No,36,0,405,8,6,6,2,Month,Not_Active,25,45.585,No
0,Yes,35,0,0,0,0,0,2,Month,Not_Active,25,0,Yes
0,No,35,0,7203,121,377,41,2,Month,Active,25,2026.08,No
2,No,35,0,11160,148,4,45,3,Month,Active,30,468.32,No
3,No,35,0,6413,69,101,35,2,Month,Active,25,746.19,No
18,No,31,0,650,41,9,15,2,Month,Not_Active,25,71.595,Yes
16,No,34,7,10130,87,0,40,4,Month,Active,45,255.425,No
8,No,34,0,5513,92,19,22,2,Month,Active,25,337.725,Yes
0,No,32,0,2535,16,0,12,3,Month,Active,30,102.04,No
4,No,33,0,2685,35,2,14,2,Month,Not_Active,25,131.4,Yes
4,Yes,34,0,1963,38,27,29,3,Month,Not_Active,30,188.04,Yes
0,No,34,0,0,0,0,0,3,Month,Not_Active,30,0,Yes
0,No,34,0,1363,19,0,4,3,Month,Active,30,55.28,No
0,No,31,0,6480,91,7,20,4,Month,Active,45,181.775,No
0,Yes,34,0,323,1,2,2,4,Month,Not_Active,45,13.1,Yes
0,No,34,0,0,0,0,0,5,Month,Active,55,0,No
20,No,29,2,15770,232,0,78,2,Month,Active,25,720.09,No
1,No,32,2,6660,110,264,31,2,Contract,Active,25,1492.65,No
0,No,34,0,3413,76,0,26,2,Month,Active,25,157.005,No
0,No,33,0,1360,38,31,18,3,Month,Not_Active,30,179.92,No
1,No,34,0,2475,47,168,21,2,Month,Active,25,869.49,No
0,No,25,0,1010,30,186,9,2,Contract,Active,25,883.8,No
0,No,24,0,1263,33,23,66,4,Month,Active,45,89.9,No
6,No,25,0,395,19,3,5,2,Month,Not_Active,25,32.13,No
0,No,24,0,520,4,14,1,4,Month,Not_Active,45,48.1,No
5,No,23,0,920,26,12,11,2,Month,Active,25,96.57,No
0,No,23,0,2920,55,1,21,3,Month,Active,30,123,No
0,No,16,0,1390,20,21,12,2,Month,Active,25,157.95,No
11,No,15,0,6087,135,78,40,1,Contract,Active,15,771.21,No
7,No,13,0,8627,165,66,38,4,Month,Active,45,384.8,No
3,No,14,2,2547,39,24,17,3,Month,Active,30,199.44,No
0,No,7,0,4085,34,208,8,3,Month,Active,30,996.76,No
0,No,7,0,1182,13,0,5,2,Month,Active,25,53.775,Yes
3,No,36,0,4065,65,0,15,2,Month,Active,25,185.85,No
0,No,37,0,0,0,0,0,2,Month,Not_Active,25,0,No
5,No,35,0,2148,54,352,22,2,Month,Active,25,1683.09,No
5,No,36,0,3893,60,0,33,1,Month,Active,15,217.415,No
0,No,36,0,2088,52,0,31,1,Month,Active,15,117.7,No
6,No,36,0,3470,76,25,26,2,Month,Active,25,272.07,No
0,No,36,0,2055,33,278,16,3,Month,Active,30,1195.52,No
8,No,35,1,8810,115,137,41,3,Month,Active,30,905,No
2,No,36,0,13468,163,0,42,3,Month,Active,30,545.24,No
2,No,36,0,4210,77,0,23,3,Month,Active,30,171.48,No
1,No,36,0,5613,89,0,10,2,Month,Active,25,256.59,No
4,No,36,0,1933,48,1,15,3,Month,Not_Active,30,83.24,No
20,No,36,2,14835,219,47,30,3,Month,Active,30,790.16,No
0,No,36,0,2790,21,476,6,3,Month,Active,30,2016.44,No
4,No,35,0,15180,176,143,28,2,Month,Active,25,1334.52,No
0,No,35,0,6195,80,179,24,3,Month,Active,30,967,No
0,No,35,0,570,8,0,9,2,Month,Not_Active,25,26.01,No
0,No,36,0,405,8,6,6,2,Month,Not_Active,25,45.585,No
0,No,35,0,0,0,0,0,2,Month,Not_Active,25,0,Yes
0,No,35,0,7203,121,377,41,2,Month,Active,25,2026.08,No
2,No,35,0,11160,148,4,45,3,Month,Active,30,468.32,No
3,No,35,0,6413,69,101,35,2,Month,Active,25,746.19,No
18,Yes,31,0,650,41,9,15,2,Month,Not_Active,25,71.595,Yes
16,No,34,7,10130,87,0,40,4,Month,Active,45,255.425,No
8,No,34,0,5513,92,19,22,2,Month,Active,25,337.725,Yes
0,No,32,0,2535,16,0,12,3,Month,Active,30,102.04,No
4,Yes,33,0,2685,35,2,14,2,Month,Not_Active,25,131.4,Yes
4,No,34,0,1963,38,27,29,3,Month,Not_Active,30,188.04,Yes
0,Yes,34,0,0,0,0,0,3,Month,Not_Active,30,0,Yes
0,No,34,0,1363,19,0,4,3,Month,Active,30,55.28,No
0,No,31,0,6480,91,7,20,4,Month,Active,45,181.775,No
0,No,34,0,323,1,2,2,4,Month,Not_Active,45,13.1,Yes
0,No,34,0,0,0,0,0,5,Month,Active,55,0,No
20,No,29,2,15770,232,0,78,2,Month,Active,25,720.09,No
1,No,32,2,6660,110,264,31,2,Contract,Active,25,1492.65,No
0,No,34,0,3413,76,0,26,2,Month,Active,25,157.005,No
0,No,33,0,1360,38,31,18,3,Month,Not_Active,30,179.92,No
1,No,34,0,2475,47,168,21,2,Month,Active,25,869.49,No
0,No,25,0,1010,30,186,9,2,Contract,Active,25,883.8,No
0,No,24,0,1263,33,23,66,4,Month,Active,45,89.9,No
6,No,25,0,395,19,3,5,2,Month,Not_Active,25,32.13,No
0,No,24,0,520,4,14,1,4,Month,Not_Active,45,48.1,No
5,No,23,0,920,26,12,11,2,Month,Active,25,96.57,No
0,No,23,0,2920,55,1,21,3,Month,Active,30,123,No
0,No,16,0,1390,20,21,12,2,Month,Active,25,157.95,No
11,No,15,0,6087,135,78,40,1,Contract,Active,15,771.21,No
7,No,13,0,8627,165,66,38,4,Month,Active,45,384.8,No
3,No,14,2,2547,39,24,17,3,Month,Active,30,199.44,No
0,No,7,0,4085,34,208,8,3,Month,Active,30,996.76,No
0,No,7,0,1182,13,0,5,2,Month,Active,25,53.775,Yes
13,No,40,1,4675,77,12,19,3,Month,Active,30,238.08,No
5,No,41,0,623,11,14,6,3,Month,Not_Active,30,81.36,No
15,No,39,1,2758,66,366,26,3,Month,Active,30,1576.96,No
15,No,40,1,4503,72,8,37,1,Month,Active,15,295.625,No
8,No,40,1,2698,64,9,35,2,Month,Active,25,164.79,No
16,No,40,2,4080,88,39,30,3,Month,Active,30,322.72,No
9,No,40,1,2665,45,292,20,3,Month,Active,30,1276.4,No
18,No,39,3,9420,127,151,45,3,Month,Active,30,985.88,No
12,No,40,1,14078,175,7,46,3,Month,Active,30,598.12,No
12,No,40,2,4820,89,9,27,3,Month,Active,30,232.36,No
11,No,40,1,6223,101,14,14,3,Month,Active,30,308.96,No
14,Yes,40,0,2543,60,15,19,3,Month,Not_Active,30,164.12,No
30,No,40,4,15445,231,61,34,3,Contract,Active,30,871.04,No
9,No,40,2,3400,33,490,10,3,Month,Active,30,2097.32,No
14,No,39,1,15790,188,157,32,2,Month,Active,25,1425.51,No
8,No,39,2,6805,92,193,28,3,Month,Active,30,1047.88,No
5,No,39,0,1180,20,7,13,2,Month,Not_Active,25,85.5,No
7,No,40,0,1015,20,20,10,3,Month,Not_Active,30,121.4,No
5,No,39,0,305,6,7,2,2,Month,Not_Active,25,45.495,Yes
8,No,39,1,7813,133,391,45,3,Month,Active,30,1881.84,No
12,No,39,2,11770,160,18,49,4,Month,Active,45,343.25,No
13,No,39,2,7023,81,115,39,2,Month,Active,25,837.18,No
28,No,35,0,1260,53,23,19,3,Month,Not_Active,30,144.52,Yes
26,No,38,9,10740,99,8,44,5,Month,Active,55,174.585,No
18,No,38,2,6123,104,33,26,2,Month,Active,25,428.715,No
6,No,36,1,3145,28,7,16,3,Month,Active,30,154.92,No
14,Yes,37,0,3295,47,16,18,3,Month,Not_Active,30,197.68,Yes
14,Yes,38,0,2573,50,41,33,4,Month,Not_Active,45,168.075,Yes
5,No,38,0,438,8,7,4,3,Month,Not_Active,30,45.84,Yes
6,No,38,1,1973,31,7,8,4,Month,Active,45,67.6,No
8,No,35,2,7090,103,21,24,5,Month,Active,55,139.395,No
5,No,38,0,933,13,16,6,4,Month,Not_Active,45,63.65,Yes
5,No,38,2,643,10,11,4,5,Month,Active,55,26.295,No
30,No,33,4,16380,244,7,82,2,Contract,Active,25,779.58,No
11,No,36,4,7270,122,278,35,3,Contract,Active,30,1407.68,No
7,No,38,1,4023,88,9,30,3,Month,Active,30,200.44,No
8,No,37,0,1970,50,45,22,3,Month,Not_Active,30,260.8,No
11,No,38,1,3085,59,182,25,2,Month,Active,25,960.48,No
9,No,29,2,1620,42,200,13,3,Contract,Active,30,866.48,No
9,No,28,1,1873,45,37,70,5,Month,Active,55,84.27,No
16,No,29,0,1005,31,17,9,3,Month,Not_Active,30,109.44,No
5,No,28,0,1130,16,28,5,4,Month,Not_Active,45,98.65,No
15,No,27,1,1530,38,26,15,2,Month,Active,25,187.56,No
7,No,27,1,3530,67,15,25,3,Month,Active,30,203.88,No
7,No,20,1,2000,32,35,16,3,Month,Active,30,221.28,No
21,No,19,2,6698,147,92,44,2,Contract,Active,25,722.025,No
17,No,17,1,9238,177,80,42,5,Month,Active,55,261.225,No
13,No,18,4,3158,51,38,21,3,Contract,Active,30,280.36,No
7,No,11,2,4695,46,222,12,3,Month,Active,30,1077.64,No
8,Yes,11,2,1793,25,7,9,3,Month,Active,30,100.72,Yes
16,No,42,2,4735,80,17,21,3,Month,Active,30,260.6,No
8,No,43,2,683,14,19,8,3,Month,Active,30,103.88,No
18,No,41,2,2818,69,371,28,3,Month,Active,30,1599.48,No
18,No,42,2,4563,75,13,39,1,Month,Active,15,326.59,No
11,No,42,2,2758,67,14,37,2,Month,Active,25,190.125,No
19,No,42,3,4140,91,44,32,3,Month,Active,30,345.24,No
12,No,42,2,2725,48,297,22,4,Month,Active,45,811.825,No
21,No,41,4,9480,130,156,47,3,Month,Active,30,1008.4,No
15,No,42,2,14138,178,12,48,3,Month,Active,30,620.64,No
15,No,42,3,4880,92,14,29,4,Month,Active,45,159.3,No
14,No,42,2,6283,104,19,16,3,Month,Active,30,331.48,No
17,No,42,2,2603,63,20,21,4,Month,Active,45,116.65,No
33,No,42,5,15505,234,66,36,3,Contract,Active,30,893.56,No
12,No,42,3,3460,36,495,12,4,Month,Active,45,1324.9,No
17,No,41,2,15850,191,162,34,2,Month,Active,25,1450.845,No
11,No,41,3,6865,95,198,30,3,Month,Active,30,1070.4,No
8,No,41,2,1240,23,12,15,2,Month,Active,25,110.835,No
10,No,42,2,1075,23,25,12,3,Month,Active,30,143.92,No
8,No,41,2,365,9,12,4,3,Month,Active,30,62.96,Yes
11,No,41,2,7873,136,396,47,3,Month,Active,30,1904.36,No
15,No,41,3,11830,163,23,51,4,Month,Active,45,357.325,No
16,No,41,3,7083,84,120,41,2,Month,Active,25,862.515,No
31,Yes,37,2,1320,56,28,21,3,Month,Active,30,167.04,Yes
29,Yes,40,10,10800,102,13,46,5,Contract,Active,55,183.03,No
21,No,40,3,6183,107,38,28,3,Month,Active,30,403.6,No
9,No,38,2,3205,31,12,18,3,Month,Active,30,177.44,No
17,Yes,39,2,3355,50,21,20,3,Month,Active,30,220.2,Yes
17,No,40,2,2633,53,46,35,4,Month,Active,45,182.15,Yes
8,No,40,2,498,11,12,6,3,Month,Active,30,68.36,Yes
9,No,40,2,2033,34,12,10,4,Month,Active,45,81.675,No
11,No,37,3,7150,106,26,26,5,Month,Active,55,147.84,No
8,Yes,40,2,993,16,21,8,4,Month,Active,45,77.725,Yes
8,No,40,3,703,13,16,6,5,Month,Active,55,34.74,No
33,No,35,5,16440,247,12,84,2,Contract,Active,25,804.915,No
14,No,38,5,7330,125,283,37,3,Contract,Active,30,1430.2,No
10,No,40,2,4083,91,14,32,3,Month,Active,30,222.96,No
11,No,39,2,2030,53,50,24,4,Month,Active,45,177.075,No
14,No,40,2,3145,62,187,27,2,Month,Active,25,985.815,No
12,No,31,3,1680,45,205,15,3,Contract,Active,30,889,No
12,No,30,2,1933,48,42,72,5,Month,Active,55,92.715,No
19,No,31,2,1065,34,22,11,3,Month,Active,30,131.96,No
8,No,30,2,1190,19,33,7,4,Month,Active,45,112.725,No
18,No,29,2,1590,41,31,17,2,Month,Active,25,212.895,No
10,No,29,2,3590,70,20,27,3,Month,Active,30,226.4,No
10,No,22,2,2060,35,40,18,3,Month,Active,30,243.8,No
24,No,21,3,6758,150,97,46,2,Contract,Active,25,747.36,No
20,No,19,2,9298,180,85,44,5,Month,Active,55,269.67,No
16,No,20,5,3218,54,43,23,3,Contract,Active,30,302.88,No
10,No,13,3,4755,49,227,14,3,Month,Active,30,1100.16,No
11,Yes,13,3,1853,28,12,11,3,Month,Active,30,123.24,Yes
10,No,38,1,4615,74,7,17,3,Month,Active,30,215.56,No
5,No,39,0,563,8,9,4,3,Month,Not_Active,30,58.84,No
12,No,37,1,2698,63,361,24,3,Month,Active,30,1554.44,No
12,No,38,1,4443,69,7,35,1,Month,Active,15,286.66,No
5,No,38,1,2638,61,7,33,2,Month,Active,25,152.955,No
13,No,38,1,4020,85,34,28,3,Month,Active,30,300.2,No
6,No,38,1,2605,42,287,18,3,Month,Active,30,1253.88,No
15,No,37,2,9360,124,146,43,3,Month,Active,30,963.36,No
9,No,38,1,14018,172,7,44,3,Month,Active,30,595.6,No
9,No,38,1,4760,86,7,25,3,Month,Active,30,221.84,No
8,No,38,1,6163,98,9,12,3,Month,Active,30,286.44,No
11,No,38,0,2483,57,10,17,3,Month,Not_Active,30,141.6,No
27,No,38,3,15385,228,56,32,3,Month,Active,30,848.52,No
6,No,38,1,3340,30,485,8,3,Month,Active,30,2074.8,No
11,No,37,1,15730,185,152,30,2,Month,Active,25,1400.175,No
5,No,37,1,6745,89,188,26,3,Month,Active,30,1025.36,No
5,No,37,0,1120,17,7,11,2,Month,Not_Active,25,82.665,No
5,No,38,0,955,17,15,8,3,Month,Not_Active,30,98.88,No
5,No,37,0,305,6,7,2,2,Month,Not_Active,25,45.495,Yes
5,No,37,1,7753,130,386,43,3,Month,Active,30,1859.32,No
9,No,37,1,11710,157,13,47,4,Month,Active,45,329.175,No
10,No,37,1,6963,78,110,37,2,Month,Active,25,811.845,No
25,Yes,33,0,1200,50,18,17,3,Month,Not_Active,30,122,Yes
23,No,36,8,10680,96,7,42,5,Month,Active,55,172.14,No
15,No,36,1,6063,101,28,24,2,Month,Active,25,403.38,No
5,No,34,1,3085,25,7,14,3,Month,Active,30,152.4,No
11,No,35,0,3235,44,11,16,3,Month,Not_Active,30,175.16,Yes
11,Yes,36,0,2513,47,36,31,3,Month,Not_Active,30,246.4,Yes
5,No,36,0,305,6,7,2,3,Month,Not_Active,30,40.44,Yes
5,No,36,1,1913,28,7,6,4,Month,Active,45,66.025,No
5,No,33,1,7030,100,16,22,5,Month,Active,55,130.95,No
5,No,36,0,873,10,11,4,4,Month,Not_Active,45,49.575,Yes
5,No,36,1,305,6,7,2,5,Month,Active,55,15.165,No
27,No,31,3,16320,241,7,80,2,Month,Active,25,776.745,No
8,No,34,3,7210,119,273,33,2,Contract,Active,25,1558.305,No
5,No,36,1,3963,85,7,28,3,Month,Active,30,189.92,No
5,No,35,0,1910,47,40,20,3,Month,Not_Active,30,238.28,No
8,No,36,1,3025,56,177,23,2,Month,Active,25,935.145,No
6,No,27,1,1560,39,195,11,2,Contract,Active,25,949.455,No
6,No,26,1,1813,42,32,68,4,Month,Active,45,126.375,No
13,No,27,0,945,28,12,7,3,Month,Not_Active,30,86.92,No
5,No,26,0,1070,13,23,3,4,Month,Not_Active,45,84.575,No
12,No,25,1,1470,35,21,13,2,Month,Active,25,162.225,No
5,No,25,1,3470,64,10,23,3,Month,Active,30,181.36,No
5,No,18,1,1940,29,30,14,2,Month,Active,25,223.605,No
18,No,17,1,6638,144,87,42,2,Contract,Active,25,696.69,No
14,No,15,1,9178,174,75,40,5,Month,Active,55,252.78,No
10,No,16,3,3098,48,33,19,3,Month,Active,30,257.84,No
5,No,9,1,4635,43,217,10,3,Month,Active,30,1055.12,No
5,Yes,9,1,1733,22,7,7,3,Month,Active,30,98.2,Yes
14,No,44,2,4755,79,22,23,3,Month,Active,30,281.36,No
6,No,45,0,703,13,24,10,3,Month,Not_Active,30,124.64,No
16,No,43,2,2838,68,376,30,3,Month,Active,30,1620.24,No
16,No,44,2,4583,74,18,41,1,Month,Active,15,355.135,No
9,No,44,2,2778,66,19,39,2,Month,Active,25,213.48,No
17,No,44,3,4160,90,49,34,3,Month,Active,30,366,No
10,No,44,2,2745,47,302,24,4,Month,Active,45,824.8,No
19,No,43,4,9500,129,161,49,3,Month,Active,30,1029.16,No
13,No,44,2,14158,177,17,50,3,Month,Active,30,641.4,No
13,No,44,3,4900,91,19,31,3,Month,Active,30,275.64,No
12,No,44,2,6303,103,24,18,3,Month,Active,30,352.24,No
15,Yes,44,0,2623,62,25,23,3,Month,Not_Active,30,207.4,No
31,No,44,5,15525,233,71,38,3,Month,Active,30,914.32,No
10,No,44,3,3480,35,500,14,4,Month,Active,45,1337.875,No
15,No,43,2,15870,190,167,36,2,Month,Active,25,1474.2,No
9,No,43,3,6885,94,203,32,3,Month,Active,30,1091.16,No
6,No,43,0,1260,22,17,17,2,Month,Not_Active,25,134.19,No
8,No,44,0,1095,22,30,14,3,Month,Not_Active,30,164.68,No
6,No,43,0,385,8,17,6,2,Month,Not_Active,25,94.185,Yes
9,No,43,2,7893,135,401,49,3,Month,Active,30,1925.12,No
13,No,43,3,11850,162,28,53,4,Month,Active,45,370.3,No
14,No,43,3,7103,83,125,43,2,Month,Active,25,885.87,No
29,Yes,39,0,1340,55,33,23,3,Month,Not_Active,30,187.8,Yes
27,No,42,10,10820,101,18,48,5,Month,Active,55,190.815,No
19,No,42,3,6203,106,43,30,3,Month,Active,30,424.36,No
7,No,40,2,3225,30,17,20,3,Month,Active,30,198.2,No
15,Yes,41,0,3375,49,26,22,3,Month,Not_Active,30,240.96,Yes
15,Yes,42,0,2653,52,51,37,4,Month,Not_Active,45,195.125,Yes
6,No,42,0,518,10,17,8,3,Month,Not_Active,30,89.12,Yes
7,No,42,2,2053,33,17,12,4,Month,Active,45,94.65,No
9,No,39,3,7170,105,31,28,5,Month,Active,55,155.625,No
6,Yes,42,0,1013,15,26,10,4,Month,Not_Active,45,90.7,Yes
6,No,42,3,723,12,21,8,5,Month,Active,55,42.525,No
31,No,37,5,16460,246,17,86,2,Month,Active,25,828.27,No
12,No,40,5,7350,124,288,39,3,Contract,Active,30,1450.96,No
8,No,42,2,4103,90,19,34,3,Month,Active,30,243.72,No
9,Yes,41,0,2050,52,55,26,4,Month,Not_Active,45,190.05,No
12,No,42,2,3165,61,192,29,2,Month,Active,25,1009.17,No
10,No,33,3,1700,44,210,17,3,Contract,Active,30,909.76,No
10,No,32,2,1953,47,47,74,5,Month,Active,55,100.5,No
17,No,33,0,1085,33,27,13,3,Month,Not_Active,30,152.72,No
6,No,32,0,1210,18,38,9,4,Month,Not_Active,45,125.7,No
16,No,31,2,1610,40,36,19,2,Month,Active,25,236.25,No
8,No,31,2,3610,69,25,29,3,Month,Active,30,247.16,No
8,No,24,2,2080,34,45,20,3,Month,Active,30,264.56,No
22,No,23,3,6778,149,102,48,2,Contract,Active,25,770.715,No
18,No,21,2,9318,179,90,46,5,Month,Active,55,277.455,No
14,No,22,5,3238,53,48,25,3,Contract,Active,30,323.64,No
8,No,15,3,4775,48,232,16,3,Month,Active,30,1120.92,No
9,Yes,15,3,1873,27,17,13,3,Month,Active,30,144,Yes
12,No,36,1,4595,75,7,15,3,Month,Active,30,214.8,No
5,No,37,0,305,6,7,2,3,Month,Not_Active,30,40.44,No
14,No,35,1,2678,64,356,22,3,Month,Active,30,1533.68,No
14,No,36,1,4423,70,7,33,2,Month,Active,25,233.685,No
7,No,36,1,2618,62,7,31,2,Month,Active,25,152.1,No
15,No,36,1,4000,86,29,26,3,Month,Active,30,279.44,No
8,No,36,1,2585,43,282,16,3,Month,Active,30,1233.12,No
17,No,35,2,9340,125,141,41,3,Month,Active,30,942.6,No
11,No,36,1,13998,173,7,42,3,Month,Active,30,594.84,No
11,No,36,1,4740,87,7,23,3,Month,Active,30,221.08,No
10,No,36,1,6143,99,7,10,3,Month,Active,30,277.68,No
13,No,36,0,2463,58,7,15,3,Month,Not_Active,30,128.84,No
29,No,36,3,15365,229,51,30,3,Month,Active,30,827.76,No
8,No,36,1,3320,31,480,6,3,Month,Active,30,2054.04,No
13,No,35,1,15710,186,147,28,2,Month,Active,25,1376.82,No
7,No,35,1,6725,90,183,24,3,Month,Active,30,1004.6,No
5,No,35,0,1100,18,7,9,2,Month,Not_Active,25,81.81,No
6,No,36,0,935,18,10,6,3,Month,Not_Active,30,78.12,No
5,No,35,0,305,6,7,2,2,Month,Not_Active,25,45.495,Yes
7,No,35,1,7733,131,381,41,3,Month,Active,30,1838.56,No
11,No,35,1,11690,158,8,45,4,Month,Active,45,316.2,No
12,No,35,1,6943,79,105,35,2,Month,Active,25,788.49,No
27,Yes,31,0,1180,51,13,15,3,Month,Not_Active,30,101.24,Yes
25,No,34,8,10660,97,7,40,5,Month,Active,55,171.855,No
17,No,34,1,6043,102,23,22,2,Month,Active,25,380.025,No
5,No,32,1,3065,26,7,12,3,Month,Active,30,151.64,No
13,Yes,33,0,3215,45,7,14,3,Month,Not_Active,30,158.4,Yes
13,Yes,34,0,2493,48,31,29,3,Month,Not_Active,30,225.64,Yes
5,No,34,0,305,6,7,2,3,Month,Not_Active,30,40.44,Yes
5,No,34,1,1893,29,7,4,4,Month,Active,45,65.55,No
7,No,31,1,7010,101,11,20,5,Month,Active,55,123.165,No
5,No,34,0,305,6,7,2,4,Month,Not_Active,45,25.275,Yes
5,No,34,1,305,6,7,2,5,Month,Active,55,15.165,No
29,No,29,3,16300,242,7,78,2,Month,Active,25,775.89,No
10,No,32,3,7190,120,268,31,3,Contract,Active,30,1364.4,No
6,No,34,1,3943,86,7,26,3,Month,Active,30,189.16,No
7,No,33,0,1890,48,35,18,3,Month,Not_Active,30,217.52,No
10,No,34,1,3005,57,172,21,2,Month,Active,25,911.79,No
8,No,25,1,1540,40,190,9,3,Contract,Active,30,823.2,No
8,No,24,1,1793,43,27,66,4,Month,Active,45,113.4,No
15,No,25,0,925,29,7,5,3,Month,Not_Active,30,66.16,No
5,No,24,0,305,6,18,2,4,Month,Not_Active,45,52.775,No
14,No,23,1,1450,36,16,11,2,Month,Active,25,138.87,No
6,No,23,1,3450,65,7,21,3,Month,Active,30,168.6,No
6,No,16,1,1920,30,25,12,2,Month,Active,25,200.25,No
20,No,15,1,6618,145,82,40,2,Contract,Active,25,673.335,No
16,No,13,1,9158,175,70,38,5,Month,Active,55,244.995,No
12,No,14,3,3078,49,28,17,3,Month,Active,30,237.08,No
6,No,7,1,4615,44,212,8,3,Month,Active,30,1034.36,No
7,Yes,7,1,1713,23,7,5,3,Month,Active,30,97.44,Yes
18,No,46,2,4935,87,27,25,3,Month,Active,30,308.88,No
10,No,47,0,883,21,29,12,3,Month,Not_Active,30,152.16,No
20,No,45,2,3018,76,381,32,3,Month,Active,30,1647.76,No
20,No,46,2,4763,82,23,43,1,Month,Active,15,392.975,No
13,No,46,2,2958,74,24,41,2,Month,Active,25,244.44,No
21,No,46,3,4340,98,54,36,3,Month,Active,30,393.52,No
14,No,46,2,2925,55,307,26,4,Month,Active,45,842,No
23,No,45,4,9680,137,166,51,3,Month,Active,30,1056.68,No
17,No,46,2,14338,185,22,52,3,Month,Active,30,668.92,No
17,No,46,3,5080,99,24,33,4,Month,Active,45,189.475,No
16,No,46,2,6483,111,29,20,3,Month,Active,30,379.76,No
19,No,46,0,2803,70,30,25,4,Month,Not_Active,45,146.825,No
35,No,46,5,15705,241,76,40,3,Month,Active,30,941.84,No
14,No,46,3,3660,43,505,16,4,Month,Active,45,1355.075,No
19,No,45,2,16050,198,172,38,2,Month,Active,25,1505.16,No
13,No,45,3,7065,102,208,34,4,Month,Active,45,699.175,No
10,No,45,0,1440,30,22,19,3,Month,Not_Active,30,146.8,No
12,No,46,0,1275,30,35,16,3,Month,Not_Active,30,192.2,No
10,No,45,0,565,16,22,8,3,Month,Not_Active,30,111.24,Yes
13,No,45,2,8073,143,406,51,3,Month,Active,30,1952.64,No
17,No,45,3,12030,170,33,55,4,Month,Active,45,387.5,No
18,No,45,3,7283,91,130,45,2,Month,Active,25,916.83,No
33,Yes,41,0,1520,63,38,25,3,Month,Not_Active,30,215.32,Yes
31,No,44,10,11000,109,23,50,5,Month,Active,55,201.135,No
23,No,44,3,6383,114,48,32,3,Month,Active,30,451.88,No
11,No,42,2,3405,38,22,22,4,Month,Active,45,141.075,No
19,Yes,43,0,3555,57,31,24,3,Month,Not_Active,30,268.48,Yes
19,Yes,44,0,2833,60,56,39,4,Month,Not_Active,45,212.325,Yes
10,No,44,0,698,18,22,10,3,Month,Not_Active,30,116.64,Yes
11,No,44,2,2233,41,22,14,4,Month,Active,45,111.85,No
13,No,41,3,7350,113,36,30,5,Month,Active,55,165.945,No
10,Yes,44,0,1193,23,31,12,4,Month,Not_Active,45,107.9,Yes
10,No,44,3,903,20,26,10,5,Month,Active,55,52.845,No
35,No,39,5,16640,254,22,88,2,Contract,Active,25,859.23,No
16,Yes,42,5,7530,132,293,41,3,Contract,Active,30,1478.48,No
12,No,44,2,4283,98,24,36,3,Month,Active,30,271.24,No
13,No,43,0,2230,60,60,28,4,Month,Not_Active,45,207.25,No
16,No,44,2,3345,69,197,31,2,Month,Active,25,1040.13,No
14,No,35,3,1880,52,215,19,3,Contract,Active,30,937.28,No
14,No,34,2,2133,55,52,76,5,Month,Active,55,110.82,No
21,No,35,0,1265,41,32,15,3,Month,Not_Active,30,180.24,No
10,No,34,0,1390,26,43,11,4,Month,Not_Active,45,142.9,No
20,No,33,2,1790,48,41,21,2,Month,Active,25,267.21,No
12,No,33,2,3790,77,30,31,4,Month,Active,45,171.675,No
12,No,26,2,2260,42,50,22,3,Month,Active,30,292.08,No
26,No,25,3,6958,157,107,50,2,Contract,Active,25,801.675,No
22,No,23,2,9498,187,95,48,5,Month,Active,55,287.775,No
18,No,24,5,3418,61,53,27,4,Contract,Active,45,219.475,No
12,No,17,3,4955,56,237,18,3,Month,Active,30,1148.44,No
13,No,17,3,2053,35,22,15,3,Month,Active,30,171.52,Yes
8,No,34,1,4415,67,7,13,3,Month,Active,30,207.28,No
5,No,35,0,305,6,7,2,2,Month,Not_Active,25,45.495,No
10,No,33,1,2498,56,351,20,3,Month,Active,30,1506.16,No
10,No,34,1,4243,62,7,31,2,Month,Active,25,225.225,No
5,No,34,1,2438,54,7,29,1,Month,Active,15,175.56,No
11,No,34,1,3820,78,24,24,3,Month,Active,30,251.92,No
5,No,34,1,2405,35,277,14,3,Month,Active,30,1205.6,No
13,No,33,2,9160,117,136,39,3,Month,Active,30,915.08,No
7,No,34,1,13818,165,7,40,3,Month,Active,30,587.32,No
7,No,34,1,4560,79,7,21,3,Month,Active,30,213.56,No
6,No,34,1,5963,91,7,8,3,Month,Active,30,270.16,No
9,No,34,0,2283,50,7,13,3,Month,Not_Active,30,121.32,No
25,No,34,3,15185,221,46,28,3,Month,Active,30,800.24,No
5,No,34,1,3140,23,475,4,3,Month,Active,30,2026.52,No
9,No,33,1,15530,178,142,26,2,Month,Active,25,1345.86,No
5,No,33,1,6545,82,178,22,3,Month,Active,30,977.08,No
5,No,33,0,920,10,7,7,2,Month,Not_Active,25,73.35,No
5,No,34,0,755,10,7,4,3,Month,Not_Active,30,58.6,No
5,No,33,0,305,6,7,2,2,Month,Not_Active,25,45.495,Yes
5,No,33,1,7553,123,376,39,2,Month,Active,25,2037.42,No
7,No,33,1,11510,150,7,43,4,Month,Active,45,309,No
8,No,33,1,6763,71,100,33,2,Month,Active,25,757.53,No
23,No,29,0,1000,43,8,13,2,Month,Not_Active,25,82.935,Yes
21,No,32,8,10480,89,7,38,5,Month,Active,55,169.035,No
13,No,32,1,5863,94,18,20,2,Month,Active,25,349.065,Yes
5,No,30,1,2885,18,7,10,3,Month,Active,30,144.12,No
9,No,31,0,3035,37,7,12,3,Month,Not_Active,30,150.88,Yes
9,Yes,32,0,2313,40,26,27,3,Month,Not_Active,30,198.12,Yes
5,No,32,0,305,6,7,2,3,Month,Not_Active,30,40.44,Yes
5,No,32,1,305,6,7,2,3,Month,Active,30,40.44,No
5,No,29,1,6830,93,7,18,5,Month,Active,55,114.345,No
5,No,32,0,305,6,7,2,4,Month,Not_Active,45,25.275,Yes
5,No,32,1,305,6,7,2,5,Month,Active,55,15.165,Yes
25,No,27,3,16120,234,7,76,2,Month,Active,25,767.43,No
6,No,30,3,7010,112,263,29,2,Contract,Active,25,1503.99,No
5,No,32,1,3763,78,7,24,2,Month,Active,25,204.345,No
5,No,31,0,1710,40,30,16,3,Month,Not_Active,30,190,No
6,No,32,1,2825,49,167,19,2,Month,Active,25,880.83,No
5,No,23,1,1360,32,185,7,2,Contract,Active,25,895.14,No
5,No,22,1,1613,35,22,64,4,Month,Active,45,96.2,No
11,No,23,0,745,21,7,3,2,Month,Not_Active,25,65.97,No
5,No,22,0,305,6,13,2,4,Month,Not_Active,45,40.275,No
10,No,21,1,1270,28,11,9,2,Month,Active,25,107.91,No
5,No,21,1,3270,57,7,19,3,Month,Active,30,161.08,No
5,No,14,1,1740,22,20,10,2,Month,Active,25,169.29,No
16,No,13,1,6438,137,77,38,2,Contract,Active,25,642.375,No
12,No,11,1,8978,167,65,36,4,Month,Active,45,391.125,No
8,No,12,3,2898,41,23,15,3,Month,Active,30,209.56,No
5,No,5,1,4435,36,207,6,3,Month,Active,30,1006.84,No
5,Yes,5,0,1533,15,7,3,3,Month,Active,30,89.92,Yes
15,No,43,1,4855,85,23,24,3,Month,Active,30,289.6,No
7,No,44,0,803,19,25,11,3,Month,Not_Active,30,132.88,No
17,No,42,1,2938,74,377,31,3,Month,Active,30,1628.48,No
17,No,43,1,4683,80,19,42,1,Month,Active,15,366.465,No
10,No,43,1,2878,72,20,40,2,Month,Active,25,222.75,No
18,No,43,2,4260,96,50,35,3,Month,Active,30,374.24,No
11,No,43,1,2845,53,303,25,3,Month,Active,30,1327.92,No
20,No,42,3,9600,135,162,50,3,Month,Active,30,1037.4,No
14,No,43,1,14258,183,18,51,3,Month,Active,30,649.64,No
14,No,43,2,5000,97,20,32,3,Month,Active,30,283.88,No
13,No,43,1,6403,109,25,19,3,Month,Active,30,360.48,No
16,Yes,43,0,2723,68,26,24,3,Month,Not_Active,30,215.64,No
32,No,43,4,15625,239,72,39,3,Month,Active,30,922.56,No
11,No,43,2,3580,41,501,15,3,Month,Active,30,2148.84,No
16,No,42,1,15970,196,168,37,2,Month,Active,25,1483.47,No
10,No,42,2,6985,100,204,33,3,Month,Active,30,1099.4,No
7,No,42,0,1360,28,18,18,2,Month,Not_Active,25,143.46,No
9,No,43,0,1195,28,31,15,3,Month,Not_Active,30,172.92,No
7,No,42,0,485,14,18,7,2,Month,Not_Active,25,103.455,Yes
10,No,42,1,7993,141,402,50,3,Month,Active,30,1933.36,No
14,No,42,2,11950,168,29,54,4,Month,Active,45,375.45,No
15,No,42,2,7203,89,126,44,2,Month,Active,25,895.14,No
30,No,38,0,1440,61,34,24,3,Month,Not_Active,30,196.04,Yes
28,No,41,9,10920,107,19,49,5,Contract,Active,55,193.905,No
20,No,41,2,6303,112,44,31,2,Month,Active,25,486.675,No
8,No,39,1,3325,36,18,21,3,Month,Active,30,206.44,No
16,Yes,40,0,3475,55,27,23,3,Month,Not_Active,30,249.2,Yes
16,Yes,41,0,2753,58,52,38,4,Month,Not_Active,45,200.275,Yes
7,Yes,41,0,618,16,18,9,3,Month,Not_Active,30,97.36,Yes
8,No,41,1,2153,39,18,13,4,Month,Active,45,99.8,No
10,No,38,2,7270,111,32,29,5,Month,Active,55,158.715,No
7,No,41,0,1113,21,27,11,4,Month,Not_Active,45,95.85,Yes
7,No,41,2,823,18,22,9,5,Month,Active,55,45.615,No
32,Yes,36,4,16560,252,18,87,2,Contract,Active,25,837.54,No
13,No,39,4,7450,130,289,40,3,Contract,Active,30,1459.2,No
9,No,41,1,4203,96,20,35,3,Month,Active,30,251.96,No
10,No,40,0,2150,58,56,27,3,Month,Not_Active,30,312.32,No
13,No,41,1,3265,67,193,30,2,Month,Active,25,1018.44,No
11,No,32,2,1800,50,211,18,3,Contract,Active,30,918,No
11,No,31,1,2053,53,48,75,5,Month,Active,55,103.59,No
18,No,32,0,1185,39,28,14,3,Month,Not_Active,30,160.96,No
7,No,31,0,1310,24,39,10,4,Month,Not_Active,45,130.85,No
17,No,30,1,1710,46,37,20,2,Month,Active,25,245.52,No
9,No,30,1,3710,75,26,30,3,Month,Active,30,255.4,No
9,No,23,1,2180,40,46,21,3,Month,Active,30,272.8,No
23,No,22,2,6878,155,103,49,2,Contract,Active,25,779.985,No
19,No,20,1,9418,185,91,47,5,Month,Active,55,280.545,No
15,No,21,4,3338,59,49,26,3,Month,Active,30,331.88,No
9,No,14,2,4875,54,233,17,3,Month,Active,30,1129.16,No
10,No,14,2,1973,33,18,14,3,Month,Active,30,152.24,Yes
11,No,37,1,4495,69,7,14,3,Month,Active,30,210.56,No
5,No,38,0,305,6,7,2,3,Month,Not_Active,30,40.44,No
13,No,36,1,2578,58,355,21,3,Month,Active,30,1525.44,No
13,No,37,1,4323,64,7,32,1,Month,Active,15,279.785,No
6,No,37,1,2518,56,7,30,2,Month,Active,25,147.33,No
14,No,37,2,3900,80,28,25,3,Month,Active,30,271.2,No
7,No,37,1,2485,37,281,15,3,Month,Active,30,1224.88,No
16,No,36,3,9240,119,140,40,3,Month,Active,30,934.36,No
10,No,37,1,13898,167,7,41,3,Month,Active,30,590.6,No
10,No,37,2,4640,81,7,22,3,Month,Active,30,216.84,No
9,No,37,1,6043,93,7,9,3,Month,Active,30,273.44,No
12,No,37,0,2363,52,7,14,3,Month,Not_Active,30,124.6,No
28,No,37,4,15265,223,50,29,3,Contract,Active,30,819.52,No
7,No,37,2,3220,25,479,5,3,Month,Active,30,2045.8,No
12,No,36,1,15610,180,146,27,2,Month,Active,25,1367.55,No
6,No,36,2,6625,84,182,23,3,Month,Active,30,996.36,No
5,No,36,0,1000,12,7,8,2,Month,Not_Active,25,77.04,No
5,No,37,0,835,12,9,5,3,Month,Not_Active,30,69.88,No
5,No,36,0,305,6,7,2,2,Month,Not_Active,25,45.495,Yes
6,No,36,1,7633,125,380,40,3,Month,Active,30,1830.32,No
10,No,36,2,11590,152,7,44,4,Month,Active,45,311.05,No
11,No,36,2,6843,73,104,34,2,Month,Active,25,779.22,No
26,Yes,32,0,1080,45,12,14,3,Month,Not_Active,30,93,Yes
24,No,35,9,10560,91,7,39,5,Month,Active,55,170.265,No
16,No,35,2,5943,96,22,21,2,Month,Active,25,370.755,Yes
5,No,33,1,2965,20,7,11,3,Month,Active,30,147.4,No
12,Yes,34,0,3115,39,7,13,3,Month,Not_Active,30,154.16,Yes
12,No,35,0,2393,42,30,28,4,Month,Not_Active,45,135.875,Yes
5,Yes,35,0,305,6,7,2,3,Month,Not_Active,30,40.44,Yes
5,No,35,1,1793,23,7,3,4,Month,Active,45,62.9,No
6,No,32,2,6910,95,10,19,5,Month,Active,55,120.075,No
5,No,35,0,305,6,7,2,4,Month,Not_Active,45,25.275,Yes
5,No,35,1,305,6,7,2,5,Month,Active,55,15.165,No
28,No,30,4,16200,236,7,77,2,Contract,Active,25,771.12,No
9,No,33,4,7090,114,267,30,3,Contract,Active,30,1356.16,No
5,No,35,1,3843,80,7,25,3,Month,Active,30,184.92,No
6,No,34,0,1790,42,34,17,3,Month,Not_Active,30,209.28,No
9,No,35,1,2905,51,171,20,2,Month,Active,25,902.52,No
7,No,26,2,1440,34,189,8,3,Contract,Active,30,814.96,No
7,No,25,1,1693,37,26,65,5,Month,Active,55,64.95,No
14,No,26,0,825,23,7,4,3,Month,Not_Active,30,61.92,No
5,No,25,0,305,6,17,2,4,Month,Not_Active,45,50.275,No
13,No,24,1,1350,30,15,10,2,Month,Active,25,129.6,No
5,No,24,1,3350,59,7,20,3,Month,Active,30,164.36,No
5,No,17,1,1820,24,24,11,3,Month,Active,30,169.76,No
19,No,16,2,6518,139,81,39,2,Contract,Active,25,664.065,No
15,No,14,1,9058,169,69,37,5,Month,Active,55,241.905,No
11,No,15,4,2978,43,27,16,3,Month,Active,30,228.84,No
5,No,8,2,4515,38,211,7,3,Month,Active,30,1026.12,No
6,Yes,8,2,1613,17,7,4,3,Month,Active,30,93.2,Yes
17,No,40,3,5275,87,33,34,3,Month,Active,30,346.48,No
9,No,41,0,1223,21,35,21,3,Month,Not_Active,30,189.76,No
19,No,39,3,3358,76,387,41,3,Month,Active,30,1685.36,No
19,No,40,3,5103,82,29,52,1,Month,Active,15,444.675,No
12,No,40,3,3298,74,30,50,2,Month,Active,25,286.74,No
20,No,40,4,4680,98,60,45,3,Month,Active,30,431.12,No
13,No,40,3,3265,55,313,35,4,Month,Active,45,865.5,No
22,Yes,39,5,10020,137,172,60,3,Month,Active,30,1094.28,No
16,No,40,3,14678,185,28,61,3,Month,Active,30,706.52,No
16,No,40,4,5420,99,30,42,3,Month,Active,30,340.76,No
15,No,40,3,6823,111,35,29,3,Month,Active,30,417.36,No
18,No,40,0,3143,70,36,34,3,Month,Not_Active,30,272.52,No
34,Yes,40,6,16045,241,82,49,3,Contract,Active,30,979.44,No
13,No,40,4,4000,43,511,25,4,Month,Active,45,1378.575,No
18,No,39,3,16390,198,178,47,2,Month,Active,25,1547.46,No
12,No,39,4,7405,102,214,43,3,Month,Active,30,1156.28,No
9,No,39,0,1780,30,28,28,2,Month,Not_Active,25,207.45,No
11,No,40,0,1615,30,41,25,3,Month,Not_Active,30,229.8,No
9,Yes,39,0,905,16,28,17,2,Month,Not_Active,25,167.445,Yes
12,No,39,3,8413,143,412,60,3,Month,Active,30,1990.24,No
16,No,39,4,12370,170,39,64,4,Month,Active,45,411,No
17,No,39,4,7623,91,136,54,2,Contract,Active,25,959.13,No
32,Yes,35,0,1860,63,44,34,3,Month,Not_Active,30,252.92,Yes
30,No,38,1,11340,109,29,59,5,Month,Active,55,215.235,No
22,No,38,4,6723,114,54,41,3,Month,Active,30,489.48,No
10,No,36,3,3745,38,28,31,3,Month,Active,30,263.32,No
18,Yes,37,0,3895,57,37,33,3,Month,Not_Active,30,306.08,Yes
18,No,38,0,3173,60,62,48,4,Month,Not_Active,45,235.825,Yes
9,No,38,0,1038,18,28,19,3,Month,Not_Active,30,154.24,Yes
10,No,38,3,2573,41,28,23,4,Month,Active,45,135.35,No
12,No,35,4,7690,113,42,39,5,Month,Active,55,180.045,No
9,No,38,0,1533,23,37,21,4,Month,Not_Active,45,131.4,Yes
9,No,38,4,1243,20,32,19,5,Month,Active,55,66.945,No
34,No,33,6,16980,254,28,97,2,Contract,Active,25,901.53,No
15,No,36,6,7870,132,299,50,3,Contract,Active,30,1516.08,No
11,No,38,3,4623,98,30,45,3,Month,Active,30,308.84,No
12,Yes,37,0,2570,60,66,37,4,Month,Not_Active,45,230.75,Yes
15,No,38,3,3685,69,203,40,2,Month,Active,25,1082.43,No
13,No,29,4,2220,52,221,28,3,Contract,Active,30,974.88,No
13,No,28,3,2473,55,58,85,5,Month,Active,55,124.92,No
20,No,29,0,1605,41,38,24,3,Month,Not_Active,30,217.84,No
9,No,28,0,1730,26,49,20,4,Month,Not_Active,45,166.4,No
19,No,27,3,2130,48,47,30,2,Month,Active,25,309.51,No
11,No,27,3,4130,77,36,40,3,Month,Active,30,312.28,No
11,No,20,3,2600,42,56,31,3,Month,Active,30,329.68,No
25,No,19,4,7298,157,113,59,2,Contract,Active,25,843.975,No
21,No,17,3,9838,187,101,57,5,Month,Active,55,301.875,No
17,No,18,6,3758,61,59,36,3,Contract,Active,30,388.76,No
11,No,11,4,5295,56,243,27,3,Contract,Active,30,1186.04,No
12,Yes,11,4,2393,35,28,24,3,Month,Active,30,209.12,Yes
9,No,40,0,4075,67,7,4,3,Month,Active,30,193.68,No
5,No,41,0,305,6,7,2,3,Month,Not_Active,30,40.44,No
11,No,39,0,2158,56,345,11,3,Month,Active,30,1468.56,No
11,No,40,0,3903,62,7,22,1,Month,Active,15,256.575,No
5,No,40,0,2098,54,7,20,2,Month,Active,25,128.34,No
12,No,40,0,3480,78,18,15,3,Month,Active,30,214.32,No
5,No,40,0,2065,35,271,5,3,Month,Active,30,1168,No
14,No,39,1,8820,117,130,30,3,Month,Active,30,877.48,No
8,No,40,0,13478,165,7,31,3,Month,Active,30,573.72,No
8,No,40,0,4220,79,7,12,3,Month,Active,30,199.96,No
7,No,40,1,5623,91,7,17,3,Month,Active,30,256.56,No
10,No,40,0,1943,50,7,4,3,Month,Not_Active,30,107.72,No
26,No,40,2,14845,221,40,19,3,Month,Active,30,762.64,No
5,No,40,1,2800,23,469,9,3,Month,Active,30,1988.92,No
10,No,39,0,15190,178,136,17,2,Month,Active,25,1303.56,No
5,No,39,0,6205,82,172,13,3,Month,Active,30,939.48,No
5,No,39,0,580,10,7,2,2,Month,Not_Active,25,58.05,No
5,No,40,0,415,10,7,2,3,Month,Not_Active,30,45,No
5,No,39,0,305,6,7,2,2,Month,Not_Active,25,45.495,Yes
5,No,39,0,7213,123,370,30,3,Month,Active,30,1773.44,No
8,No,39,0,11170,150,7,34,4,Month,Active,45,300.5,No
9,No,39,0,6423,71,94,24,2,Month,Active,25,715.23,No
24,No,35,0,660,43,7,4,3,Month,Not_Active,30,56.12,Yes
22,No,38,7,10140,89,7,29,5,Month,Active,55,163.935,No
14,No,38,0,5523,94,12,11,2,Month,Active,25,306.765,Yes
5,No,36,1,2545,18,7,6,3,Month,Active,30,130.52,No
10,No,37,0,2695,37,7,3,3,Month,Not_Active,30,137.28,Yes
10,No,38,0,1973,40,20,18,3,Month,Not_Active,30,160.52,Yes
5,Yes,38,0,305,6,7,2,3,Month,Not_Active,30,40.44,Yes
5,No,38,1,1373,21,7,2,4,Month,Active,45,52.35,No
5,No,35,0,6490,93,7,9,5,Month,Active,55,109.245,No
5,No,38,0,305,6,7,2,4,Month,Not_Active,45,25.275,Yes
5,No,38,0,305,6,7,2,5,Month,Active,55,15.165,No
26,No,33,2,15780,234,7,67,2,Month,Active,25,752.13,No
7,No,36,2,6670,112,257,20,3,Contract,Active,30,1299.28,No
5,No,38,0,3423,78,7,15,3,Month,Active,30,168.04,No
5,No,37,0,1370,40,24,7,3,Month,Not_Active,30,152.4,No
7,No,38,0,2485,49,161,10,2,Month,Active,25,838.53,No
5,No,29,1,1020,32,179,2,3,Contract,Active,30,758.08,No
5,No,28,0,1273,35,16,55,4,Month,Active,45,72.7,No
12,No,29,0,405,21,7,2,3,Month,Not_Active,30,45.04,No
5,No,28,0,305,6,7,2,4,Month,Not_Active,45,25.275,No
11,No,27,1,930,28,7,2,2,Month,Active,25,74.61,No
5,No,27,0,2930,57,7,10,3,Month,Active,30,147.48,No
5,No,20,1,1400,22,14,2,2,Month,Active,25,126.99,No
17,No,19,0,6098,137,71,29,2,Contract,Active,25,600.075,No
13,No,17,0,8638,167,59,27,5,Month,Active,55,220.575,No
9,No,18,2,2558,41,17,6,3,Month,Active,30,171.96,No
5,No,11,1,4095,36,201,25,3,Month,Active,30,969.24,No
5,Yes,11,1,1193,15,7,2,3,Month,Active,30,76.32,Yes
13,No,41,2,4790,83,44,23,3,Month,Active,30,370.92,No
5,No,42,0,738,17,46,10,3,Month,Not_Active,30,214.2,No
15,No,40,2,2873,72,398,30,3,Month,Active,30,1709.8,No
15,No,41,2,4618,78,40,41,1,Month,Active,15,478.28,No
8,No,41,2,2813,70,41,39,2,Month,Active,25,314.235,No
16,No,41,3,4195,94,71,34,3,Month,Active,30,455.56,No
9,No,41,2,2780,51,324,24,4,Month,Active,45,880.775,No
18,No,40,4,9535,133,183,49,3,Month,Active,30,1118.72,No
12,No,41,2,14193,181,39,50,3,Month,Active,30,730.96,No
12,No,41,3,4935,95,41,31,4,Month,Active,45,228.25,No
11,No,41,2,6338,107,46,18,3,Month,Active,30,441.8,No
14,Yes,41,0,2658,66,47,23,4,Month,Not_Active,45,185.6,No
30,No,41,5,15560,237,93,38,3,Month,Active,30,1003.88,No
9,No,41,3,3515,39,522,14,4,Month,Active,45,1393.85,No
14,No,40,2,15905,194,189,36,3,Month,Active,30,1399.96,No
8,No,40,3,6920,98,225,32,4,Month,Active,45,737.95,No
5,No,40,0,1295,26,39,17,3,Month,Not_Active,30,208.84,No
7,No,41,0,1130,26,52,14,3,Month,Not_Active,30,254.24,No
5,No,40,0,420,12,39,6,3,Month,Not_Active,30,173.28,Yes
8,No,40,2,7928,139,423,49,3,Month,Active,30,2014.68,No
12,No,40,3,11885,166,50,53,4,Month,Active,45,426.275,No
13,No,40,3,7138,87,147,43,3,Month,Active,30,877,No
28,Yes,36,0,1375,59,55,23,3,Month,Not_Active,30,277.36,Yes
26,No,39,10,10855,105,40,48,5,Contract,Active,55,224.4,No
18,No,39,3,6238,110,65,30,3,Month,Active,30,513.92,No
6,No,37,2,3260,34,39,20,4,Month,Active,45,179.85,No
14,No,38,0,3410,53,48,22,3,Month,Not_Active,30,330.52,Yes
14,Yes,39,0,2688,56,73,37,4,Month,Not_Active,45,251.1,Yes
5,No,39,0,553,14,39,8,3,Month,Not_Active,30,178.68,Yes
6,No,39,2,2088,37,39,12,4,Month,Active,45,150.625,No
8,No,36,3,7205,109,53,28,5,Month,Active,55,189.21,No
5,No,39,0,1048,19,48,10,4,Month,Not_Active,45,146.675,Yes
5,No,39,3,758,16,43,8,5,Month,Active,55,76.11,No
30,No,34,5,16495,250,39,86,2,Contract,Active,25,929.025,No
11,No,37,5,7385,128,310,39,3,Contract,Active,30,1540.52,No
7,No,39,2,4138,94,41,34,3,Month,Active,30,333.28,No
8,No,38,0,2085,56,77,26,4,Month,Not_Active,45,246.025,No
11,No,39,2,3200,65,214,29,3,Month,Active,30,986.6,No
9,No,30,3,1735,48,232,17,3,Contract,Active,30,999.32,No
9,No,29,2,1988,51,69,74,5,Month,Active,55,134.085,No
16,No,30,0,1120,37,49,13,3,Month,Not_Active,30,242.28,No
5,No,29,0,1245,22,60,9,4,Month,Not_Active,45,181.675,No
15,No,28,2,1645,44,58,19,2,Month,Active,25,337.005,No
7,No,28,2,3645,73,47,29,4,Month,Active,45,210.45,No
7,No,21,2,2115,38,67,20,3,Month,Active,30,354.12,No
21,No,20,3,6813,153,124,48,2,Contract,Active,25,871.47,No
17,No,18,2,9353,183,112,46,5,Month,Active,55,311.04,No
13,No,19,5,3273,57,70,25,4,Month,Active,45,258.25,No
7,No,12,3,4810,52,254,16,3,Month,Active,30,1210.48,No
8,Yes,12,3,1908,31,39,13,3,Month,Active,30,233.56,Yes
13,No,39,0,4560,71,7,15,2,Month,Active,25,239.895,No
5,No,40,0,305,6,7,2,2,Month,Not_Active,25,45.495,No
15,No,38,0,2643,60,334,22,2,Month,Active,25,1624.635,No
15,No,39,0,4388,66,7,33,1,Month,Active,15,283.47,No
8,No,39,0,2583,58,7,31,1,Month,Active,15,183.755,No
16,No,39,1,3965,82,7,26,3,Month,Active,30,189.88,No
9,No,39,0,2550,39,260,16,3,Month,Active,30,1143.56,No
18,No,38,2,9305,121,119,41,3,Month,Active,30,853.04,No
12,No,39,0,13963,169,7,42,3,Month,Active,30,593.28,No
12,No,39,1,4705,83,7,23,3,Month,Active,30,219.52,No
11,No,39,0,6108,95,7,10,2,Month,Active,25,310.635,No
14,Yes,39,0,2428,54,7,15,3,Month,Not_Active,30,127.28,No
30,No,39,3,15330,225,29,30,3,Month,Active,30,738.2,No
9,No,39,1,3285,27,458,6,3,Month,Active,30,1964.48,No
14,No,38,0,15675,182,125,28,2,Month,Active,25,1276.065,No
8,No,38,1,6690,86,161,24,3,Month,Active,30,915.04,No
5,No,38,0,1065,14,7,9,2,Month,Not_Active,25,80.055,No
7,No,39,0,900,14,7,6,2,Month,Not_Active,25,72.63,No
5,No,38,0,305,6,7,2,2,Month,Not_Active,25,45.495,Yes
8,No,38,0,7698,127,359,41,2,Month,Active,25,1967.625,No
12,No,38,1,11655,154,7,45,3,Month,Active,30,500.36,No
13,No,38,1,6908,75,83,35,2,Month,Active,25,687.735,No
28,Yes,34,0,1145,47,7,15,2,Month,Not_Active,25,85.14,Yes
26,No,37,8,10625,93,7,40,4,Month,Active,45,285.45,No
18,No,37,1,6008,98,7,22,2,Month,Active,25,306.27,Yes
6,No,35,0,3030,22,7,12,3,Month,Active,30,150.08,No
14,No,36,0,3180,41,7,14,3,Month,Not_Active,30,156.84,Yes
14,No,37,0,2458,44,9,29,3,Month,Not_Active,30,136.08,Yes
5,Yes,37,0,305,6,7,2,3,Month,Not_Active,30,40.44,Yes
6,No,37,0,1858,25,7,4,3,Month,Active,30,103.32,No
8,No,34,1,6975,97,7,20,4,Month,Active,45,194.3,No
5,No,37,0,818,7,7,2,4,Month,Not_Active,45,38.125,Yes
5,No,37,1,305,6,7,2,5,Month,Active,55,15.165,No
30,No,32,3,16265,238,7,78,2,Month,Active,25,774.135,No
11,No,35,3,7155,116,246,31,2,Contract,Active,25,1434.195,No
7,No,37,0,3908,82,7,26,2,Month,Active,25,211.05,No
8,No,36,0,1855,44,13,18,3,Month,Not_Active,30,127.96,No
11,No,37,0,2970,53,150,21,2,Month,Active,25,811.035,No
9,No,28,1,1505,36,168,9,2,Contract,Active,25,825.345,No
9,No,27,0,1758,39,7,66,4,Month,Active,45,62.425,No
16,No,28,0,890,25,7,5,2,Month,Not_Active,25,72.675,No
5,No,27,0,1015,10,7,2,4,Month,Not_Active,45,43.125,No
15,No,26,0,1415,32,7,11,2,Month,Active,25,96.615,No
7,No,26,0,3415,61,7,21,3,Month,Active,30,167.04,No
7,No,19,0,1885,26,7,12,2,Month,Active,25,117.495,No
21,No,18,1,6583,141,60,40,1,Contract,Active,15,699.82,No
17,No,16,0,9123,171,48,38,4,Month,Active,45,352.35,No
13,No,17,3,3043,45,7,17,3,Month,Active,30,151.52,No
7,No,10,1,4580,40,190,8,3,Month,Active,30,944.8,No
8,No,10,1,1678,19,7,5,3,Month,Active,30,95.88,Yes
15,No,40,1,4865,78,21,22,3,Month,Active,30,281.72,No
7,No,41,0,813,12,23,9,3,Month,Not_Active,30,125,No
17,No,39,1,2948,67,375,29,3,Month,Active,30,1620.6,No
17,No,40,1,4693,73,17,40,1,Month,Active,15,355.63,No
10,No,40,1,2888,65,18,38,2,Month,Active,25,213.885,No
18,No,40,2,4270,89,48,33,3,Month,Active,30,366.36,No
11,No,40,1,2855,46,301,23,3,Month,Active,30,1320.04,No
20,No,39,3,9610,128,160,48,3,Month,Active,30,1029.52,No
14,No,40,1,14268,176,16,49,3,Month,Active,30,641.76,No
14,No,40,2,5010,90,18,30,3,Month,Active,30,276,No
13,No,40,1,6413,102,23,17,3,Month,Active,30,352.6,No
16,No,40,0,2733,61,24,22,3,Month,Not_Active,30,207.76,No
32,Yes,40,4,15635,232,70,37,3,Month,Active,30,914.68,No
11,No,40,2,3590,34,499,13,3,Month,Active,30,2140.96,No
16,No,39,1,15980,189,166,35,2,Month,Active,25,1474.605,No
10,No,39,2,6995,93,202,31,3,Month,Active,30,1091.52,No
7,No,39,0,1370,21,16,16,2,Month,Not_Active,25,134.595,No
9,No,40,0,1205,21,29,13,3,Month,Not_Active,30,165.04,No
7,No,39,0,495,7,16,5,2,Month,Not_Active,25,94.59,Yes
10,No,39,1,8003,134,400,48,3,Month,Active,30,1925.48,No
14,No,39,2,11960,161,27,52,4,Month,Active,45,370.525,No
15,No,39,2,7213,82,124,42,2,Month,Active,25,886.275,No
30,Yes,35,0,1450,54,32,22,3,Month,Not_Active,30,188.16,Yes
28,No,38,9,10930,100,17,47,5,Month,Active,55,190.95,No
20,No,38,2,6313,105,42,29,2,Month,Active,25,477.81,No
8,No,36,1,3335,29,16,19,3,Month,Active,30,198.56,No
16,Yes,37,0,3485,48,25,21,3,Month,Not_Active,30,241.32,Yes
16,Yes,38,0,2763,51,50,36,4,Month,Not_Active,45,195.35,Yes
7,No,38,0,628,9,16,7,3,Month,Not_Active,30,89.48,Yes
8,No,38,1,2163,32,16,11,4,Month,Active,45,94.875,No
10,No,35,2,7280,104,30,27,5,Month,Active,55,155.76,No
7,No,38,0,1123,14,25,9,4,Month,Not_Active,45,90.925,Yes
7,No,38,2,833,11,20,7,5,Month,Active,55,42.66,No
32,No,33,4,16570,245,16,85,2,Contract,Active,25,828.675,No
13,No,36,4,7460,123,287,38,3,Contract,Active,30,1451.32,No
9,No,38,1,4213,89,18,33,3,Month,Active,30,244.08,No
10,No,37,0,2160,51,54,25,3,Month,Not_Active,30,304.44,No
13,No,38,1,3275,60,191,28,2,Month,Active,25,1009.575,No
11,No,29,2,1810,43,209,16,3,Contract,Active,30,910.12,No
11,No,28,1,2063,46,46,73,5,Month,Active,55,100.635,No
18,No,29,0,1195,32,26,12,3,Month,Not_Active,30,153.08,No
7,No,28,0,1320,17,37,8,4,Month,Not_Active,45,125.925,No
17,No,27,1,1720,39,35,18,2,Month,Active,25,236.655,No
9,No,27,1,3720,68,24,28,3,Month,Active,30,247.52,No
9,No,20,1,2190,33,44,19,3,Month,Active,30,264.92,No
23,No,19,2,6887,148,101,47,2,Contract,Active,25,771.075,No
19,No,17,1,9427,178,89,45,5,Month,Active,55,277.575,No
15,No,18,4,3347,52,47,24,3,Month,Active,30,323.96,No
9,No,11,2,4885,47,231,15,3,Month,Active,30,1121.28,No
10,Yes,11,2,1982,26,16,12,3,Month,Active,30,144.32,Yes
11,No,40,1,4485,76,3,16,3,Month,Active,30,194.44,No
3,No,41,0,433,10,5,3,3,Month,Not_Active,30,37.72,No
13,No,39,1,2568,65,357,23,3,Month,Active,30,1533.32,No
13,No,40,1,4313,71,0,34,1,Month,Active,15,241.12,No
6,No,40,1,2508,63,0,32,2,Month,Active,25,115.695,No
14,No,40,2,3890,87,30,27,3,Month,Active,30,279.08,No
7,No,40,1,2475,44,283,17,3,Month,Active,30,1232.76,No
16,No,39,3,9230,126,142,42,3,Month,Active,30,942.24,No
10,No,40,1,13888,174,0,43,3,Month,Active,30,562.48,No
10,No,40,2,4630,88,0,24,3,Month,Active,30,188.72,No
9,No,40,1,6033,100,5,11,3,Month,Active,30,265.32,No
12,Yes,40,0,2353,59,6,16,3,Month,Not_Active,30,120.48,No
28,No,40,4,15255,230,52,31,3,Month,Active,30,827.4,No
7,No,40,2,3210,32,481,7,3,Month,Active,30,2053.68,No
12,No,39,1,15600,187,148,29,2,Month,Active,25,1376.415,No
6,No,39,2,6615,91,184,25,3,Month,Active,30,1004.24,No
3,No,39,0,990,19,0,10,2,Month,Not_Active,25,45.405,No
5,No,40,0,825,19,11,7,3,Month,Not_Active,30,77.76,No
0,No,39,0,0,0,0,0,2,Month,Not_Active,25,0,Yes
6,No,39,1,7623,132,382,42,3,Month,Active,30,1838.2,No
10,No,39,2,11580,159,9,46,4,Month,Active,45,315.975,No
11,No,39,2,6833,80,106,36,2,Month,Active,25,788.085,No
26,Yes,35,0,1070,52,14,16,3,Month,Not_Active,30,100.88,Yes
24,No,38,9,10550,98,0,41,5,Month,Active,55,159.72,No
16,No,38,2,5933,103,24,23,2,Month,Active,25,379.62,No
4,No,36,1,2955,27,0,13,3,Month,Active,30,119.28,No
12,No,37,0,3105,46,7,15,3,Month,Not_Active,30,154.04,Yes
12,No,38,0,2383,49,32,30,4,Month,Not_Active,45,140.8,Yes
3,No,38,0,248,7,0,1,3,Month,Not_Active,30,10.2,Yes
4,No,38,1,1783,30,0,5,4,Month,Active,45,45.325,No
6,No,35,2,6900,102,12,21,5,Month,Active,55,123.03,No
3,No,38,0,743,12,7,3,4,Month,Not_Active,45,36.375,Yes
3,No,38,2,453,9,2,1,5,Month,Active,55,9.93,No
28,No,33,4,16190,243,0,79,2,Contract,Active,25,739.485,No
9,No,36,4,7080,121,269,32,3,Contract,Active,30,1364.04,No
5,No,38,1,3833,87,0,27,3,Month,Active,30,156.8,No
6,No,37,0,1780,49,36,19,3,Month,Not_Active,30,217.16,No
9,No,38,1,2895,58,173,22,2,Month,Active,25,911.385,No
7,No,29,2,1430,41,191,10,3,Contract,Active,30,822.84,No
7,No,28,1,1683,44,28,67,5,Month,Active,55,67.905,No
14,No,29,0,815,30,8,6,3,Month,Not_Active,30,65.8,No
3,No,28,0,940,15,19,2,4,Month,Not_Active,45,71.375,No
13,No,27,1,1340,37,17,12,2,Month,Active,25,138.465,No
5,No,27,1,3340,66,6,22,3,Month,Active,30,160.24,No
5,No,20,1,1810,31,26,13,3,Month,Active,30,177.64,No
19,No,19,2,6507,146,83,41,2,Contract,Active,25,672.885,No
15,No,17,1,9047,176,71,39,5,Month,Active,55,244.845,No
11,No,18,4,2967,50,29,18,3,Month,Active,30,236.68,No
5,No,11,2,4505,45,213,9,3,Month,Active,30,1034,No
6,Yes,11,2,1602,24,0,6,3,Month,Active,30,65.04,Yes
11,No,35,0,4675,71,4,18,2,Month,Active,25,231.57,No
3,No,36,0,623,5,6,5,2,Month,Not_Active,25,55.26,No
13,No,34,0,2758,60,358,25,2,Month,Active,25,1737.81,No
13,No,35,0,4503,66,0,36,1,Month,Active,15,251.295,No
6,No,35,0,2698,58,1,34,1,Month,Active,15,157.08,No
14,No,35,1,4080,82,31,29,3,Month,Active,30,290.48,No
7,No,35,0,2665,39,284,19,3,Month,Active,30,1244.16,No
16,No,34,2,9420,121,143,44,3,Month,Active,30,953.64,No
10,No,35,0,14078,169,0,45,3,Month,Active,30,569.88,No
10,No,35,1,4820,83,1,26,3,Month,Active,30,200.12,No
9,No,35,0,6223,95,6,13,2,Month,Active,25,311.31,No
12,No,35,0,2543,54,7,18,3,Month,Not_Active,30,131.88,No
28,No,35,3,15445,225,53,33,3,Month,Active,30,838.8,No
7,No,35,1,3400,27,482,9,3,Month,Active,30,2065.08,No
12,No,34,0,15790,182,149,31,2,Month,Active,25,1389.24,No
6,No,34,1,6805,86,185,27,3,Month,Active,30,1015.64,No
3,No,34,0,1180,14,0,12,2,Month,Not_Active,25,53.73,No
5,No,35,0,1015,14,12,9,2,Month,Not_Active,25,100.305,No
0,No,34,0,0,0,0,0,2,Month,Not_Active,25,0,Yes
6,No,34,0,7813,127,383,44,2,Month,Active,25,2080.8,No
10,No,34,1,11770,154,10,48,3,Month,Active,30,516.96,No
11,No,34,1,7023,75,107,38,2,Month,Active,25,800.91,No
26,Yes,30,0,1260,47,15,18,2,Month,Not_Active,25,126.315,Yes
24,No,33,8,10740,93,0,43,4,Month,Active,45,270.825,No
16,No,33,1,6123,98,25,25,2,Month,Active,25,392.445,Yes
4,No,31,0,3145,22,0,15,3,Month,Active,30,126.68,No
12,Yes,32,0,3295,41,8,17,3,Month,Not_Active,30,165.44,Yes
12,No,33,0,2573,44,33,32,3,Month,Not_Active,30,236.68,Yes
3,No,33,0,438,2,0,3,3,Month,Not_Active,30,17.6,Yes
4,No,33,0,1973,25,0,7,3,Month,Active,30,79.92,No
6,No,30,1,7090,97,13,23,4,Month,Active,45,212.175,No
3,No,33,0,933,7,8,5,4,Month,Not_Active,45,43.5,Yes
3,No,33,1,643,4,3,3,5,Month,Active,55,14.205,No
28,No,28,3,16380,238,0,81,2,Month,Active,25,747.81,No
9,No,31,3,7270,116,270,34,2,Contract,Active,25,1547.37,No
5,No,33,0,4023,82,1,29,2,Month,Active,25,189.225,No
6,No,32,0,1970,44,37,21,3,Month,Not_Active,30,228.56,No
9,No,33,0,3085,53,174,24,2,Month,Active,25,924.21,No
7,No,24,1,1620,36,192,12,2,Contract,Active,25,938.52,No
7,No,23,0,1873,39,29,69,4,Month,Active,45,120.3,No
14,No,24,0,1005,25,9,8,2,Month,Not_Active,25,86.85,No
3,No,23,0,1130,10,20,4,4,Month,Not_Active,45,78.5,No
13,No,22,0,1530,32,18,14,2,Month,Active,25,151.29,No
5,No,22,0,3530,61,7,24,3,Month,Active,30,171.64,No
5,No,15,0,2000,26,27,15,2,Month,Active,25,212.67,No
19,No,14,1,6697,141,84,43,1,Contract,Active,15,838.09,No
15,No,12,0,9237,171,72,41,4,Month,Active,45,415.2,No
11,No,13,3,3157,45,30,20,3,Month,Active,30,248.08,No
5,No,6,1,4695,40,214,11,3,Month,Active,30,1045.4,No
6,No,6,1,1792,19,0,8,3,Month,Active,30,72.44,Yes
15,No,45,2,4675,83,20,20,3,Month,Active,30,270.32,No
7,No,46,0,623,17,22,7,3,Month,Not_Active,30,113.6,No
17,No,44,2,2758,72,374,27,3,Month,Active,30,1609.2,No
17,No,45,2,4503,78,16,38,1,Month,Active,15,339.955,No
10,No,45,2,2698,70,17,36,2,Month,Active,25,201.06,No
18,No,45,3,4080,94,47,31,3,Month,Active,30,354.96,No
11,No,45,2,2665,51,300,21,4,Month,Active,45,817.9,No
20,No,44,4,9420,133,159,46,3,Month,Active,30,1018.12,No
14,No,45,2,14078,181,15,47,3,Month,Active,30,630.36,No
14,No,45,3,4820,95,17,28,4,Month,Active,45,165.375,No
13,No,45,2,6223,107,22,15,3,Month,Active,30,341.2,No
16,No,45,0,2543,66,23,20,4,Month,Not_Active,45,122.725,No
32,No,45,5,15445,237,69,35,3,Contract,Active,30,903.28,No
11,No,45,3,3400,39,498,11,4,Month,Active,45,1330.975,No
16,No,44,2,15790,194,165,33,3,Month,Active,30,1299.36,No
10,No,44,3,6805,98,201,29,4,Month,Active,45,675.075,No
7,No,44,0,1180,26,15,14,3,Month,Not_Active,30,108.24,No
9,No,45,0,1015,26,28,11,3,Month,Not_Active,30,153.64,No
7,No,44,0,305,12,15,3,3,Month,Not_Active,30,72.68,Yes
10,No,44,2,7813,139,399,46,3,Month,Active,30,1914.08,No
14,No,44,3,11770,166,26,50,4,Month,Active,45,363.4,No
15,No,44,3,7023,87,123,40,3,Month,Active,30,776.4,No
30,Yes,40,0,1260,59,31,20,3,Month,Not_Active,30,176.76,Yes
28,No,43,10,10740,105,16,45,5,Contract,Active,55,186.675,No
20,No,43,3,6123,110,41,27,3,Month,Active,30,413.32,No
8,No,41,2,3145,34,15,17,4,Month,Active,45,116.975,No
16,Yes,42,0,3295,53,24,19,3,Month,Not_Active,30,229.92,Yes
16,Yes,43,0,2573,56,49,34,4,Month,Not_Active,45,188.225,Yes
7,No,43,0,438,14,15,5,3,Month,Not_Active,30,78.08,Yes
8,No,43,2,1973,37,15,9,4,Month,Active,45,87.75,No
10,No,40,3,7090,109,29,25,5,Month,Active,55,151.485,No
7,No,43,0,933,19,24,7,4,Month,Not_Active,45,83.8,Yes
7,No,43,3,643,16,19,5,5,Month,Active,55,38.385,No
32,No,38,5,16380,250,15,83,2,Contract,Active,25,815.85,No
13,No,41,5,7270,128,286,36,3,Contract,Active,30,1439.92,No
9,No,43,2,4023,94,17,31,3,Month,Active,30,232.68,No
10,No,42,0,1970,56,53,23,4,Month,Not_Active,45,183.15,No
13,No,43,2,3085,65,190,26,3,Month,Active,30,886,No
11,No,34,3,1620,48,208,14,3,Contract,Active,30,898.72,No
11,No,33,2,1873,51,45,71,5,Month,Active,55,96.36,No
18,No,34,0,1005,37,25,10,3,Month,Not_Active,30,141.68,No
7,No,33,0,1130,22,36,6,4,Month,Not_Active,45,118.8,No
17,No,32,2,1530,44,34,16,2,Month,Active,25,223.83,No
9,No,32,2,3530,73,23,26,4,Month,Active,45,147.575,No
9,No,25,2,2000,38,43,17,3,Month,Active,30,253.52,No
23,No,24,3,6697,153,100,45,2,Contract,Active,25,758.25,No
19,No,22,2,9237,183,88,43,5,Month,Active,55,273.3,No
15,No,23,5,3157,57,46,22,4,Month,Active,45,195.35,No
9,No,16,3,4695,52,230,13,3,Month,Active,30,1109.88,No
10,No,16,3,1792,31,15,10,3,Month,Active,30,132.92,Yes
19,No,41,2,5385,88,37,19,3,Month,Active,30,366.92,No
11,No,42,0,1333,22,22,6,3,Month,Not_Active,30,142.2,No
21,No,40,2,3468,77,374,26,3,Month,Active,30,1637.8,No
21,No,41,2,5213,83,16,37,1,Month,Active,15,379.28,No
14,No,41,2,3408,75,17,35,2,Month,Active,25,233.235,No
22,No,41,3,4790,99,47,30,3,Month,Active,30,383.56,No
15,No,41,2,3375,56,300,20,4,Month,Active,45,835.775,No
24,No,40,4,10130,138,159,45,3,Month,Active,30,1046.72,No
18,No,41,2,14788,186,15,46,3,Month,Active,30,658.96,No
18,No,41,3,5530,100,17,27,4,Month,Active,45,183.25,No
17,No,41,2,6933,112,22,14,3,Month,Active,30,369.8,No
20,No,41,0,3253,71,23,19,4,Month,Not_Active,45,140.6,No
36,No,41,5,16155,242,69,34,3,Contract,Active,30,931.88,No
15,No,41,3,4110,44,498,10,4,Month,Active,45,1348.85,No
20,No,40,2,16500,199,165,32,2,Month,Active,25,1493.955,No
14,No,40,3,7515,103,201,28,3,Month,Active,30,1108.72,No
11,No,40,0,1890,31,15,13,2,Month,Not_Active,25,153.945,No
13,No,41,0,1725,31,28,10,3,Month,Not_Active,30,182.24,No
11,No,40,0,1015,17,15,2,3,Month,Not_Active,30,101.28,Yes
14,No,40,2,8523,144,399,45,3,Month,Active,30,1942.68,No
18,No,40,3,12480,171,26,49,4,Month,Active,45,381.275,No
19,No,40,3,7733,92,123,39,2,Month,Active,25,905.625,No
34,Yes,36,0,1970,64,31,19,3,Contract,Not_Active,30,205.36,Yes
32,No,39,10,11450,110,16,44,5,Month,Active,55,197.4,No
24,No,39,3,6833,115,41,26,3,Month,Active,30,441.92,No
12,No,37,2,3855,39,15,16,3,Month,Active,30,215.76,No
20,Yes,38,0,4005,58,24,18,3,Month,Not_Active,30,258.52,Yes
20,Yes,39,0,3283,61,49,33,4,Month,Not_Active,45,206.1,Yes
11,No,39,0,1148,19,15,4,3,Month,Not_Active,30,106.68,Yes
12,No,39,2,2683,42,15,8,4,Month,Active,45,105.625,No
14,No,36,3,7800,114,29,24,5,Month,Active,55,162.21,No
11,No,39,0,1643,24,24,6,4,Month,Not_Active,45,101.675,Yes
11,No,39,3,1353,21,19,4,5,Month,Active,55,49.11,No
36,No,34,5,17090,255,15,82,2,Contract,Active,25,848.025,No
17,No,37,5,7980,133,286,35,3,Contract,Active,30,1468.52,No
13,No,39,2,4733,99,17,30,3,Month,Active,30,261.28,No
14,No,38,0,2680,61,53,22,4,Month,Not_Active,45,201.025,No
17,No,39,2,3795,70,190,25,2,Month,Active,25,1028.925,No
15,No,30,3,2330,53,208,13,3,Contract,Active,30,927.32,No
15,No,29,2,2583,56,45,70,5,Month,Active,55,107.085,No
22,Yes,30,0,1715,42,25,9,3,Month,Not_Active,30,170.28,Yes
11,No,29,0,1840,27,36,5,4,Month,Not_Active,45,136.675,No
21,No,28,2,2240,49,34,15,2,Month,Active,25,256.005,No
13,No,28,2,4240,78,23,25,3,Month,Active,30,264.72,No
13,No,21,2,2710,43,43,16,3,Month,Active,30,282.12,No
27,No,20,3,7407,158,100,44,2,Contract,Active,25,790.425,No
23,No,18,2,9947,188,88,42,5,Month,Active,55,284.025,No
19,No,19,5,3867,62,46,21,3,Month,Active,30,341.16,No
13,No,12,3,5405,57,230,12,3,Month,Active,30,1138.48,No
14,Yes,12,3,2502,36,15,9,3,Month,Active,30,161.52,Yes
7,No,39,0,3965,66,0,19,3,Month,Active,30,161.24,No
0,No,40,0,0,0,0,0,3,Month,Not_Active,30,0,No
9,No,38,0,2048,55,341,26,3,Month,Active,30,1448.12,No
9,No,39,0,3793,61,0,37,1,Month,Active,15,211.97,No
2,No,39,0,1988,53,0,35,2,Month,Active,25,91.845,No
10,No,39,1,3370,77,14,30,3,Month,Active,30,193.88,No
3,No,39,0,1955,34,267,20,3,Month,Active,30,1147.56,No
12,No,38,2,8710,116,126,45,3,Month,Active,30,857.04,No
6,No,39,0,13368,164,0,46,3,Month,Active,30,541.28,No
6,No,39,1,4110,78,0,27,3,Month,Active,30,167.52,No
5,No,39,0,5513,90,0,14,3,Month,Active,30,224.12,No
8,No,39,0,1833,49,0,19,3,Month,Not_Active,30,75.28,No
24,No,39,3,14735,220,36,34,3,Month,Active,30,742.2,No
3,No,39,1,2690,22,465,10,3,Month,Active,30,1968.48,No
8,No,38,0,15080,177,132,32,2,Month,Active,25,1280.565,No
2,No,38,1,6095,81,168,28,3,Month,Active,30,919.04,No
0,No,38,0,470,9,0,13,2,Month,Not_Active,25,21.555,No
1,No,39,0,305,9,0,10,3,Month,Not_Active,30,12.56,No
0,No,38,0,0,0,0,0,2,Month,Not_Active,25,0,Yes
2,No,38,0,7103,122,366,45,3,Month,Active,30,1753,No
6,No,38,1,11060,149,0,49,4,Month,Active,45,280.225,No
7,No,38,1,6313,70,90,39,2,Month,Active,25,692.235,No
22,No,34,0,550,42,0,19,3,Month,Not_Active,30,23.68,Yes
20,No,37,8,10030,88,0,44,5,Month,Active,55,151.77,No
12,No,37,1,5413,93,8,26,2,Month,Active,25,283.77,Yes
0,No,35,0,2435,17,0,16,3,Month,Active,30,98.08,No
8,Yes,36,0,2585,36,0,18,3,Month,Not_Active,30,104.84,Yes
8,No,37,0,1863,39,16,33,3,Month,Not_Active,30,140.08,Yes
0,No,37,0,0,0,0,0,3,Month,Not_Active,30,0,Yes
0,No,37,0,1263,20,0,8,4,Month,Active,45,32.075,No
2,No,34,1,6380,92,0,24,5,Month,Active,55,97.08,No
0,No,37,0,223,2,0,6,4,Month,Not_Active,45,5.625,Yes
0,No,37,1,0,0,0,0,5,Month,Active,55,0,No
24,Yes,32,3,15670,233,0,82,2,Month,Active,25,715.635,No
5,No,35,3,6560,111,253,35,2,Contract,Active,25,1438.695,No
1,No,37,0,3313,77,0,30,3,Month,Active,30,135.6,No
2,No,36,0,1260,39,20,22,3,Month,Not_Active,30,131.96,No
5,No,37,0,2375,48,157,25,2,Month,Active,25,815.535,No
3,No,28,1,910,31,175,13,2,Contract,Active,25,829.845,No
3,No,27,0,1163,34,12,70,4,Month,Active,45,59.925,No
10,No,28,0,295,20,0,9,3,Month,Not_Active,30,12.6,No
0,No,27,0,420,5,3,5,4,Month,Not_Active,45,18.125,No
9,No,26,0,820,27,1,15,2,Month,Active,25,42.615,No
1,No,26,0,2820,56,0,25,3,Month,Active,30,115.04,No
1,No,19,0,1290,21,10,16,2,Month,Active,25,103.995,No
15,No,18,1,5987,136,67,44,2,Contract,Active,25,577.035,No
11,No,16,0,8527,166,55,42,5,Month,Active,55,212.895,No
7,No,17,3,2447,40,13,21,3,Month,Active,30,151.48,No
1,No,10,1,3985,35,197,12,3,Month,Active,30,948.8,No
2,Yes,10,1,1082,14,0,9,3,Month,Active,30,43.84,Yes
13,No,40,1,4675,77,12,19,3,Month,Active,30,238.08,No
5,No,41,0,623,11,14,6,3,Month,Not_Active,30,81.36,No
15,No,39,1,2758,66,366,26,3,Month,Active,30,1576.96,No
15,No,40,1,4503,72,8,37,1,Month,Active,15,295.625,No
8,No,40,1,2698,64,9,35,2,Month,Active,25,164.79,No
16,No,40,2,4080,88,39,30,3,Month,Active,30,322.72,No
9,No,40,1,2665,45,292,20,3,Month,Active,30,1276.4,No
18,No,39,3,9420,127,151,45,3,Month,Active,30,985.88,No
12,No,40,1,14078,175,7,46,3,Month,Active,30,598.12,No
12,No,40,2,4820,89,9,27,3,Month,Active,30,232.36,No
11,No,40,1,6223,101,14,14,3,Month,Active,30,308.96,No
14,No,40,0,2543,60,15,19,3,Month,Not_Active,30,164.12,No
30,No,40,4,15445,231,61,34,3,Month,Active,30,871.04,No
9,No,40,2,3400,33,490,10,3,Month,Active,30,2097.32,No
14,No,39,1,15790,188,157,32,2,Month,Active,25,1425.51,No
8,No,39,2,6805,92,193,28,3,Month,Active,30,1047.88,No
5,No,39,0,1180,20,7,13,2,Month,Not_Active,25,85.5,No
7,No,40,0,1015,20,20,10,3,Month,Not_Active,30,121.4,No
5,No,39,0,305,6,7,2,2,Month,Not_Active,25,45.495,Yes
8,No,39,1,7813,133,391,45,3,Month,Active,30,1881.84,No
12,No,39,2,11770,160,18,49,4,Month,Active,45,343.25,No
13,No,39,2,7023,81,115,39,2,Month,Active,25,837.18,No
28,Yes,35,0,1260,53,23,19,3,Month,Not_Active,30,144.52,Yes
26,No,38,9,10740,99,8,44,5,Month,Active,55,174.585,No
18,No,38,2,6123,104,33,26,2,Month,Active,25,428.715,No
6,No,36,1,3145,28,7,16,3,Month,Active,30,154.92,No
14,Yes,37,0,3295,47,16,18,3,Month,Not_Active,30,197.68,Yes
14,No,38,0,2573,50,41,33,4,Month,Not_Active,45,168.075,Yes
5,No,38,0,438,8,7,4,3,Month,Not_Active,30,45.84,Yes
6,No,38,1,1973,31,7,8,4,Month,Active,45,67.6,No
8,No,35,2,7090,103,21,24,5,Month,Active,55,139.395,No
5,No,38,0,933,13,16,6,4,Month,Not_Active,45,63.65,Yes
5,No,38,2,643,10,11,4,5,Month,Active,55,26.295,No
30,No,33,4,16380,244,7,82,2,Contract,Active,25,779.58,No
11,No,36,4,7270,122,278,35,3,Contract,Active,30,1407.68,No
7,No,38,1,4023,88,9,30,3,Month,Active,30,200.44,No
8,No,37,0,1970,50,45,22,3,Month,Not_Active,30,260.8,No
11,No,38,1,3085,59,182,25,2,Month,Active,25,960.48,No
9,No,29,2,1620,42,200,13,3,Contract,Active,30,866.48,No
9,No,28,1,1873,45,37,70,5,Month,Active,55,84.27,No
16,No,29,0,1005,31,17,9,3,Month,Not_Active,30,109.44,No
5,No,28,0,1130,16,28,5,4,Month,Not_Active,45,98.65,No
15,No,27,1,1530,38,26,15,2,Month,Active,25,187.56,No
7,No,27,1,3530,67,15,25,3,Month,Active,30,203.88,No
7,No,20,1,2000,32,35,16,3,Month,Active,30,221.28,No
21,No,19,2,6697,147,92,44,2,Contract,Active,25,721.98,No
17,No,17,1,9237,177,80,42,5,Month,Active,55,261.21,No
13,No,18,4,3157,51,38,21,3,Month,Active,30,280.32,No
7,No,11,2,4695,46,222,12,3,Month,Active,30,1077.64,No
8,Yes,11,2,1792,25,7,9,3,Month,Active,30,100.68,Yes
13,No,40,1,4675,77,12,19,3,Month,Active,30,238.08,No
5,No,41,0,623,11,14,6,3,Month,Not_Active,30,81.36,No
15,No,39,1,2758,66,366,26,3,Month,Active,30,1576.96,No
15,No,40,1,4503,72,8,37,1,Month,Active,15,295.625,No
8,No,40,1,2698,64,9,35,2,Month,Active,25,164.79,No
16,No,40,2,4080,88,39,30,3,Month,Active,30,322.72,No
9,No,40,1,2665,45,292,20,3,Month,Active,30,1276.4,No
18,No,39,3,9420,127,151,45,3,Month,Active,30,985.88,No
12,No,40,1,14078,175,7,46,3,Month,Active,30,598.12,No
12,No,40,2,4820,89,9,27,3,Month,Active,30,232.36,No
11,No,40,1,6223,101,14,14,3,Month,Active,30,308.96,No
14,No,40,0,2543,60,15,19,3,Month,Not_Active,30,164.12,No
30,No,40,4,15445,231,61,34,3,Contract,Active,30,871.04,No
9,No,40,2,3400,33,490,10,3,Month,Active,30,2097.32,No
14,No,39,1,15790,188,157,32,2,Month,Active,25,1425.51,No
8,No,39,2,6805,92,193,28,3,Month,Active,30,1047.88,No
5,No,39,0,1180,20,7,13,2,Month,Not_Active,25,85.5,No
7,No,40,0,1015,20,20,10,3,Month,Not_Active,30,121.4,No
5,No,39,0,305,6,7,2,2,Month,Not_Active,25,45.495,Yes
8,No,39,1,7813,133,391,45,3,Month,Active,30,1881.84,No
12,No,39,2,11770,160,18,49,4,Month,Active,45,343.25,No
13,No,39,2,7023,81,115,39,2,Month,Active,25,837.18,No
28,Yes,35,0,1260,53,23,19,3,Month,Not_Active,30,144.52,Yes
26,No,38,9,10740,99,8,44,5,Contract,Active,55,174.585,No
18,No,38,2,6123,104,33,26,2,Month,Active,25,428.715,No
6,No,36,1,3145,28,7,16,3,Month,Active,30,154.92,No
14,Yes,37,0,3295,47,16,18,3,Month,Not_Active,30,197.68,Yes
14,Yes,38,0,2573,50,41,33,4,Month,Not_Active,45,168.075,Yes
5,No,38,0,438,8,7,4,3,Month,Not_Active,30,45.84,Yes
6,No,38,1,1973,31,7,8,4,Month,Active,45,67.6,No
8,No,35,2,7090,103,21,24,5,Month,Active,55,139.395,No
5,Yes,38,0,933,13,16,6,4,Month,Not_Active,45,63.65,Yes
5,No,38,2,643,10,11,4,5,Month,Active,55,26.295,No
30,No,33,4,16380,244,7,82,2,Contract,Active,25,779.58,No
11,No,36,4,7270,122,278,35,3,Contract,Active,30,1407.68,No
7,No,38,1,4023,88,9,30,3,Month,Active,30,200.44,No
8,No,37,0,1970,50,45,22,3,Month,Not_Active,30,260.8,No
11,No,38,1,3085,59,182,25,2,Month,Active,25,960.48,No
9,No,29,2,1620,42,200,13,3,Contract,Active,30,866.48,No
9,No,28,1,1873,45,37,70,5,Month,Active,55,84.27,No
16,No,29,0,1005,31,17,9,3,Month,Not_Active,30,109.44,No
5,No,28,0,1130,16,28,5,4,Month,Not_Active,45,98.65,No
15,No,27,1,1530,38,26,15,2,Month,Active,25,187.56,No
7,No,27,1,3530,67,15,25,3,Month,Active,30,203.88,No
7,No,20,1,2000,32,35,16,3,Month,Active,30,221.28,No
21,No,19,2,6697,147,92,44,2,Contract,Active,25,721.98,No
17,No,17,1,9237,177,80,42,5,Month,Active,55,261.21,No
13,No,18,4,3157,51,38,21,3,Month,Active,30,280.32,No
7,No,11,2,4695,46,222,12,3,Month,Active,30,1077.64,No
8,Yes,11,2,1792,25,7,9,3,Month,Active,30,100.68,Yes
